--
-- PostgreSQL database dump
--

-- Dumped from database version 15.5 (Debian 15.5-1.pgdg120+1)
-- Dumped by pg_dump version 15.4

-- Started on 2023-12-13 01:04:11 UTC

SET statement_timeout = 0;
SET lock_timeout = 0;
SET idle_in_transaction_session_timeout = 0;
SET client_encoding = 'UTF8';
SET standard_conforming_strings = on;
SELECT pg_catalog.set_config('search_path', '', false);
SET check_function_bodies = false;
SET xmloption = content;
SET client_min_messages = warning;
SET row_security = off;

SET default_tablespace = '';

SET default_table_access_method = heap;

--
-- TOC entry 214 (class 1259 OID 16604)
-- Name: app_coordinadores_asignatura; Type: TABLE; Schema: public; Owner: postgres
--

CREATE TABLE public.app_coordinadores_asignatura (
    id bigint NOT NULL,
    nombre character varying(80) NOT NULL,
    codigo character varying(20) NOT NULL,
    nivel smallint,
    componente character varying(1) NOT NULL,
    "isMBI" boolean NOT NULL,
    "isAutogestionada" boolean NOT NULL,
    id_coordinador integer,
    "id_tipoAsignatura_id" bigint,
    CONSTRAINT app_coordinadores_asignatura_id_coordinador_check CHECK ((id_coordinador >= 0)),
    CONSTRAINT app_coordinadores_asignatura_nivel_check CHECK ((nivel >= 0))
);


ALTER TABLE public.app_coordinadores_asignatura OWNER TO postgres;

--
-- TOC entry 215 (class 1259 OID 16609)
-- Name: app_coordinadores_asignatura_id_seq; Type: SEQUENCE; Schema: public; Owner: postgres
--

ALTER TABLE public.app_coordinadores_asignatura ALTER COLUMN id ADD GENERATED BY DEFAULT AS IDENTITY (
    SEQUENCE NAME public.app_coordinadores_asignatura_id_seq
    START WITH 1
    INCREMENT BY 1
    NO MINVALUE
    NO MAXVALUE
    CACHE 1
);


--
-- TOC entry 216 (class 1259 OID 16610)
-- Name: app_coordinadores_asignaturas_planestudio; Type: TABLE; Schema: public; Owner: postgres
--

CREATE TABLE public.app_coordinadores_asignaturas_planestudio (
    id bigint NOT NULL,
    id_asignatura_id bigint NOT NULL,
    "id_planEstudio_id" bigint NOT NULL
);


ALTER TABLE public.app_coordinadores_asignaturas_planestudio OWNER TO postgres;

--
-- TOC entry 217 (class 1259 OID 16613)
-- Name: app_coordinadores_asignaturas_planestudio_id_seq; Type: SEQUENCE; Schema: public; Owner: postgres
--

ALTER TABLE public.app_coordinadores_asignaturas_planestudio ALTER COLUMN id ADD GENERATED BY DEFAULT AS IDENTITY (
    SEQUENCE NAME public.app_coordinadores_asignaturas_planestudio_id_seq
    START WITH 1
    INCREMENT BY 1
    NO MINVALUE
    NO MAXVALUE
    CACHE 1
);


--
-- TOC entry 218 (class 1259 OID 16614)
-- Name: app_coordinadores_calificacion; Type: TABLE; Schema: public; Owner: postgres
--

CREATE TABLE public.app_coordinadores_calificacion (
    id bigint NOT NULL,
    nota numeric(2,1),
    fecha_entrega date,
    obs_privada text NOT NULL,
    adjunto character varying(100),
    id_estudiante integer NOT NULL,
    id_evaluacion_id bigint NOT NULL,
    CONSTRAINT app_coordinadores_calificacion_id_estudiante_check CHECK ((id_estudiante >= 0))
);


ALTER TABLE public.app_coordinadores_calificacion OWNER TO postgres;

--
-- TOC entry 219 (class 1259 OID 16620)
-- Name: app_coordinadores_calificacion_id_seq; Type: SEQUENCE; Schema: public; Owner: postgres
--

ALTER TABLE public.app_coordinadores_calificacion ALTER COLUMN id ADD GENERATED BY DEFAULT AS IDENTITY (
    SEQUENCE NAME public.app_coordinadores_calificacion_id_seq
    START WITH 1
    INCREMENT BY 1
    NO MINVALUE
    NO MAXVALUE
    CACHE 1
);


--
-- TOC entry 220 (class 1259 OID 16621)
-- Name: app_coordinadores_cambio_fecha; Type: TABLE; Schema: public; Owner: postgres
--

CREATE TABLE public.app_coordinadores_cambio_fecha (
    id bigint NOT NULL,
    "fechaAnterior" date NOT NULL,
    "fechaNueva" date NOT NULL,
    motivo text NOT NULL,
    fecha_cambio date,
    id_evaluacion_id bigint NOT NULL
);


ALTER TABLE public.app_coordinadores_cambio_fecha OWNER TO postgres;

--
-- TOC entry 221 (class 1259 OID 16626)
-- Name: app_coordinadores_cambio_fecha_id_seq; Type: SEQUENCE; Schema: public; Owner: postgres
--

ALTER TABLE public.app_coordinadores_cambio_fecha ALTER COLUMN id ADD GENERATED BY DEFAULT AS IDENTITY (
    SEQUENCE NAME public.app_coordinadores_cambio_fecha_id_seq
    START WITH 1
    INCREMENT BY 1
    NO MINVALUE
    NO MAXVALUE
    CACHE 1
);


--
-- TOC entry 222 (class 1259 OID 16627)
-- Name: app_coordinadores_cambio_nota; Type: TABLE; Schema: public; Owner: postgres
--

CREATE TABLE public.app_coordinadores_cambio_nota (
    id bigint NOT NULL,
    anterior_nota numeric(2,1) NOT NULL,
    actual_nota numeric(2,1) NOT NULL,
    fecha_cambio date,
    motivo text NOT NULL,
    id_calificacion_id bigint NOT NULL
);


ALTER TABLE public.app_coordinadores_cambio_nota OWNER TO postgres;

--
-- TOC entry 223 (class 1259 OID 16632)
-- Name: app_coordinadores_cambio_nota_id_seq; Type: SEQUENCE; Schema: public; Owner: postgres
--

ALTER TABLE public.app_coordinadores_cambio_nota ALTER COLUMN id ADD GENERATED BY DEFAULT AS IDENTITY (
    SEQUENCE NAME public.app_coordinadores_cambio_nota_id_seq
    START WITH 1
    INCREMENT BY 1
    NO MINVALUE
    NO MAXVALUE
    CACHE 1
);


--
-- TOC entry 224 (class 1259 OID 16633)
-- Name: app_coordinadores_cambio_ponderacion; Type: TABLE; Schema: public; Owner: postgres
--

CREATE TABLE public.app_coordinadores_cambio_ponderacion (
    id bigint NOT NULL,
    "ponderacionAnterior" numeric(4,3) NOT NULL,
    "ponderacionNueva" numeric(4,3) NOT NULL,
    motivo text NOT NULL,
    fecha_cambio date,
    id_evaluacion_id bigint NOT NULL
);


ALTER TABLE public.app_coordinadores_cambio_ponderacion OWNER TO postgres;

--
-- TOC entry 225 (class 1259 OID 16638)
-- Name: app_coordinadores_cambio_ponderacion_id_seq; Type: SEQUENCE; Schema: public; Owner: postgres
--

ALTER TABLE public.app_coordinadores_cambio_ponderacion ALTER COLUMN id ADD GENERATED BY DEFAULT AS IDENTITY (
    SEQUENCE NAME public.app_coordinadores_cambio_ponderacion_id_seq
    START WITH 1
    INCREMENT BY 1
    NO MINVALUE
    NO MAXVALUE
    CACHE 1
);


--
-- TOC entry 226 (class 1259 OID 16639)
-- Name: app_coordinadores_carrera; Type: TABLE; Schema: public; Owner: postgres
--

CREATE TABLE public.app_coordinadores_carrera (
    id bigint NOT NULL,
    nombre character varying(100) NOT NULL,
    "id_jefeCarrera" integer NOT NULL,
    id_departamento_id bigint NOT NULL,
    CONSTRAINT "app_coordinadores_carrera_id_jefeCarrera_check" CHECK (("id_jefeCarrera" >= 0))
);


ALTER TABLE public.app_coordinadores_carrera OWNER TO postgres;

--
-- TOC entry 227 (class 1259 OID 16643)
-- Name: app_coordinadores_carrera_id_seq; Type: SEQUENCE; Schema: public; Owner: postgres
--

ALTER TABLE public.app_coordinadores_carrera ALTER COLUMN id ADD GENERATED BY DEFAULT AS IDENTITY (
    SEQUENCE NAME public.app_coordinadores_carrera_id_seq
    START WITH 1
    INCREMENT BY 1
    NO MINVALUE
    NO MAXVALUE
    CACHE 1
);


--
-- TOC entry 228 (class 1259 OID 16644)
-- Name: app_coordinadores_coordinacion_docente; Type: TABLE; Schema: public; Owner: postgres
--

CREATE TABLE public.app_coordinadores_coordinacion_docente (
    id bigint NOT NULL,
    id_docente integer NOT NULL,
    id_coordinacion_id bigint NOT NULL,
    CONSTRAINT app_coordinadores_coordinacion_docente_id_docente_check CHECK ((id_docente >= 0))
);


ALTER TABLE public.app_coordinadores_coordinacion_docente OWNER TO postgres;

--
-- TOC entry 229 (class 1259 OID 16648)
-- Name: app_coordinadores_coordinacion_docente_id_seq; Type: SEQUENCE; Schema: public; Owner: postgres
--

ALTER TABLE public.app_coordinadores_coordinacion_docente ALTER COLUMN id ADD GENERATED BY DEFAULT AS IDENTITY (
    SEQUENCE NAME public.app_coordinadores_coordinacion_docente_id_seq
    START WITH 1
    INCREMENT BY 1
    NO MINVALUE
    NO MAXVALUE
    CACHE 1
);


--
-- TOC entry 230 (class 1259 OID 16649)
-- Name: app_coordinadores_coordinacion_estudiante; Type: TABLE; Schema: public; Owner: postgres
--

CREATE TABLE public.app_coordinadores_coordinacion_estudiante (
    id bigint NOT NULL,
    "promedioEstudiante" numeric(2,1),
    id_estudiante integer NOT NULL,
    id_coordinacion_id bigint NOT NULL,
    CONSTRAINT app_coordinadores_coordinacion_estudiante_id_estudiante_check CHECK ((id_estudiante >= 0))
);


ALTER TABLE public.app_coordinadores_coordinacion_estudiante OWNER TO postgres;

--
-- TOC entry 231 (class 1259 OID 16653)
-- Name: app_coordinadores_coordinacion_estudiante_id_seq; Type: SEQUENCE; Schema: public; Owner: postgres
--

ALTER TABLE public.app_coordinadores_coordinacion_estudiante ALTER COLUMN id ADD GENERATED BY DEFAULT AS IDENTITY (
    SEQUENCE NAME public.app_coordinadores_coordinacion_estudiante_id_seq
    START WITH 1
    INCREMENT BY 1
    NO MINVALUE
    NO MAXVALUE
    CACHE 1
);


--
-- TOC entry 232 (class 1259 OID 16654)
-- Name: app_coordinadores_coordinacion_seccion; Type: TABLE; Schema: public; Owner: postgres
--

CREATE TABLE public.app_coordinadores_coordinacion_seccion (
    id bigint NOT NULL,
    coordinacion character varying(1) NOT NULL,
    seccion smallint NOT NULL,
    "isActive" boolean NOT NULL,
    bloques_horario character varying(16) NOT NULL,
    id_asignatura_id bigint NOT NULL,
    id_semetre_id bigint NOT NULL,
    CONSTRAINT app_coordinadores_coordinacion_seccion_seccion_check CHECK ((seccion >= 0))
);


ALTER TABLE public.app_coordinadores_coordinacion_seccion OWNER TO postgres;

--
-- TOC entry 233 (class 1259 OID 16658)
-- Name: app_coordinadores_coordinacion_seccion_id_seq; Type: SEQUENCE; Schema: public; Owner: postgres
--

ALTER TABLE public.app_coordinadores_coordinacion_seccion ALTER COLUMN id ADD GENERATED BY DEFAULT AS IDENTITY (
    SEQUENCE NAME public.app_coordinadores_coordinacion_seccion_id_seq
    START WITH 1
    INCREMENT BY 1
    NO MINVALUE
    NO MAXVALUE
    CACHE 1
);


--
-- TOC entry 234 (class 1259 OID 16659)
-- Name: app_coordinadores_coordinador; Type: TABLE; Schema: public; Owner: postgres
--

CREATE TABLE public.app_coordinadores_coordinador (
    id bigint NOT NULL,
    rut integer,
    dig_verificador character varying(1),
    id_usuario integer,
    CONSTRAINT app_coordinadores_coordinador_id_usuario_7e85ebab_check CHECK ((id_usuario >= 0)),
    CONSTRAINT app_coordinadores_coordinador_rut_check CHECK ((rut >= 0))
);


ALTER TABLE public.app_coordinadores_coordinador OWNER TO postgres;

--
-- TOC entry 235 (class 1259 OID 16664)
-- Name: app_coordinadores_coordinador_id_seq; Type: SEQUENCE; Schema: public; Owner: postgres
--

ALTER TABLE public.app_coordinadores_coordinador ALTER COLUMN id ADD GENERATED BY DEFAULT AS IDENTITY (
    SEQUENCE NAME public.app_coordinadores_coordinador_id_seq
    START WITH 1
    INCREMENT BY 1
    NO MINVALUE
    NO MAXVALUE
    CACHE 1
);


--
-- TOC entry 236 (class 1259 OID 16665)
-- Name: app_coordinadores_departamento; Type: TABLE; Schema: public; Owner: postgres
--

CREATE TABLE public.app_coordinadores_departamento (
    id bigint NOT NULL,
    nombre character varying(50) NOT NULL,
    id_subdirector integer NOT NULL,
    id_facultad_id bigint,
    CONSTRAINT app_coordinadores_departamento_id_subdirector_check CHECK ((id_subdirector >= 0))
);


ALTER TABLE public.app_coordinadores_departamento OWNER TO postgres;

--
-- TOC entry 237 (class 1259 OID 16669)
-- Name: app_coordinadores_departamento_id_seq; Type: SEQUENCE; Schema: public; Owner: postgres
--

ALTER TABLE public.app_coordinadores_departamento ALTER COLUMN id ADD GENERATED BY DEFAULT AS IDENTITY (
    SEQUENCE NAME public.app_coordinadores_departamento_id_seq
    START WITH 1
    INCREMENT BY 1
    NO MINVALUE
    NO MAXVALUE
    CACHE 1
);


--
-- TOC entry 238 (class 1259 OID 16670)
-- Name: app_coordinadores_estadistica_curso; Type: TABLE; Schema: public; Owner: postgres
--

CREATE TABLE public.app_coordinadores_estadistica_curso (
    id bigint NOT NULL,
    promedio_general numeric(4,3) NOT NULL,
    mejor_nota numeric(4,3) NOT NULL,
    peor_nota numeric(4,3) NOT NULL,
    "desviacionEstandar" numeric(4,3) NOT NULL,
    fecha_registro timestamp with time zone NOT NULL,
    id_coordinacion_id bigint NOT NULL
);


ALTER TABLE public.app_coordinadores_estadistica_curso OWNER TO postgres;

--
-- TOC entry 239 (class 1259 OID 16673)
-- Name: app_coordinadores_estadistica_curso_id_seq; Type: SEQUENCE; Schema: public; Owner: postgres
--

ALTER TABLE public.app_coordinadores_estadistica_curso ALTER COLUMN id ADD GENERATED BY DEFAULT AS IDENTITY (
    SEQUENCE NAME public.app_coordinadores_estadistica_curso_id_seq
    START WITH 1
    INCREMENT BY 1
    NO MINVALUE
    NO MAXVALUE
    CACHE 1
);


--
-- TOC entry 240 (class 1259 OID 16674)
-- Name: app_coordinadores_evaluacion; Type: TABLE; Schema: public; Owner: postgres
--

CREATE TABLE public.app_coordinadores_evaluacion (
    id bigint NOT NULL,
    nombre character varying(40) NOT NULL,
    "fechaEvActual" date NOT NULL,
    "fechaEntrega" date,
    ponderacion numeric(4,3) NOT NULL,
    estado character varying(1) NOT NULL,
    obs_general text NOT NULL,
    adjunto character varying(100),
    id_docente integer NOT NULL,
    id_coordinacion_id bigint,
    "id_tipoEvaluacion_id" bigint,
    CONSTRAINT app_coordinadores_evaluacion_id_docente_check CHECK ((id_docente >= 0))
);


ALTER TABLE public.app_coordinadores_evaluacion OWNER TO postgres;

--
-- TOC entry 241 (class 1259 OID 16680)
-- Name: app_coordinadores_evaluacion_id_seq; Type: SEQUENCE; Schema: public; Owner: postgres
--

ALTER TABLE public.app_coordinadores_evaluacion ALTER COLUMN id ADD GENERATED BY DEFAULT AS IDENTITY (
    SEQUENCE NAME public.app_coordinadores_evaluacion_id_seq
    START WITH 1
    INCREMENT BY 1
    NO MINVALUE
    NO MAXVALUE
    CACHE 1
);


--
-- TOC entry 242 (class 1259 OID 16681)
-- Name: app_coordinadores_facultad; Type: TABLE; Schema: public; Owner: postgres
--

CREATE TABLE public.app_coordinadores_facultad (
    id bigint NOT NULL,
    nombre character varying(100) NOT NULL,
    siglas character varying(10) NOT NULL,
    id_vicedecano integer NOT NULL,
    CONSTRAINT app_coordinadores_facultad_id_vicedecano_check CHECK ((id_vicedecano >= 0))
);


ALTER TABLE public.app_coordinadores_facultad OWNER TO postgres;

--
-- TOC entry 243 (class 1259 OID 16685)
-- Name: app_coordinadores_facultad_id_seq; Type: SEQUENCE; Schema: public; Owner: postgres
--

ALTER TABLE public.app_coordinadores_facultad ALTER COLUMN id ADD GENERATED BY DEFAULT AS IDENTITY (
    SEQUENCE NAME public.app_coordinadores_facultad_id_seq
    START WITH 1
    INCREMENT BY 1
    NO MINVALUE
    NO MAXVALUE
    CACHE 1
);


--
-- TOC entry 244 (class 1259 OID 16686)
-- Name: app_coordinadores_plan_estudio; Type: TABLE; Schema: public; Owner: postgres
--

CREATE TABLE public.app_coordinadores_plan_estudio (
    id bigint NOT NULL,
    codigo character varying(10) NOT NULL,
    year_creacion character varying(4) NOT NULL,
    id_carrera_id bigint NOT NULL
);


ALTER TABLE public.app_coordinadores_plan_estudio OWNER TO postgres;

--
-- TOC entry 245 (class 1259 OID 16689)
-- Name: app_coordinadores_plan_estudio_id_seq; Type: SEQUENCE; Schema: public; Owner: postgres
--

ALTER TABLE public.app_coordinadores_plan_estudio ALTER COLUMN id ADD GENERATED BY DEFAULT AS IDENTITY (
    SEQUENCE NAME public.app_coordinadores_plan_estudio_id_seq
    START WITH 1
    INCREMENT BY 1
    NO MINVALUE
    NO MAXVALUE
    CACHE 1
);


--
-- TOC entry 246 (class 1259 OID 16690)
-- Name: app_coordinadores_semestre; Type: TABLE; Schema: public; Owner: postgres
--

CREATE TABLE public.app_coordinadores_semestre (
    id bigint NOT NULL,
    year smallint NOT NULL,
    semestre integer NOT NULL,
    "isActual" boolean NOT NULL,
    CONSTRAINT app_coordinadores_semestre_year_check CHECK ((year >= 0))
);


ALTER TABLE public.app_coordinadores_semestre OWNER TO postgres;

--
-- TOC entry 247 (class 1259 OID 16694)
-- Name: app_coordinadores_semestre_id_seq; Type: SEQUENCE; Schema: public; Owner: postgres
--

ALTER TABLE public.app_coordinadores_semestre ALTER COLUMN id ADD GENERATED BY DEFAULT AS IDENTITY (
    SEQUENCE NAME public.app_coordinadores_semestre_id_seq
    START WITH 1
    INCREMENT BY 1
    NO MINVALUE
    NO MAXVALUE
    CACHE 1
);


--
-- TOC entry 248 (class 1259 OID 16695)
-- Name: app_coordinadores_tipo_asignatura; Type: TABLE; Schema: public; Owner: postgres
--

CREATE TABLE public.app_coordinadores_tipo_asignatura (
    id bigint NOT NULL,
    nombre character varying(40) NOT NULL
);


ALTER TABLE public.app_coordinadores_tipo_asignatura OWNER TO postgres;

--
-- TOC entry 249 (class 1259 OID 16698)
-- Name: app_coordinadores_tipo_asignatura_id_seq; Type: SEQUENCE; Schema: public; Owner: postgres
--

ALTER TABLE public.app_coordinadores_tipo_asignatura ALTER COLUMN id ADD GENERATED BY DEFAULT AS IDENTITY (
    SEQUENCE NAME public.app_coordinadores_tipo_asignatura_id_seq
    START WITH 1
    INCREMENT BY 1
    NO MINVALUE
    NO MAXVALUE
    CACHE 1
);


--
-- TOC entry 250 (class 1259 OID 16699)
-- Name: app_coordinadores_tipo_evaluacion; Type: TABLE; Schema: public; Owner: postgres
--

CREATE TABLE public.app_coordinadores_tipo_evaluacion (
    id bigint NOT NULL,
    nombre character varying(40) NOT NULL
);


ALTER TABLE public.app_coordinadores_tipo_evaluacion OWNER TO postgres;

--
-- TOC entry 251 (class 1259 OID 16702)
-- Name: app_coordinadores_tipo_evaluacion_id_seq; Type: SEQUENCE; Schema: public; Owner: postgres
--

ALTER TABLE public.app_coordinadores_tipo_evaluacion ALTER COLUMN id ADD GENERATED BY DEFAULT AS IDENTITY (
    SEQUENCE NAME public.app_coordinadores_tipo_evaluacion_id_seq
    START WITH 1
    INCREMENT BY 1
    NO MINVALUE
    NO MAXVALUE
    CACHE 1
);


--
-- TOC entry 252 (class 1259 OID 16703)
-- Name: auth_group; Type: TABLE; Schema: public; Owner: postgres
--

CREATE TABLE public.auth_group (
    id integer NOT NULL,
    name character varying(150) NOT NULL
);


ALTER TABLE public.auth_group OWNER TO postgres;

--
-- TOC entry 253 (class 1259 OID 16706)
-- Name: auth_group_id_seq; Type: SEQUENCE; Schema: public; Owner: postgres
--

ALTER TABLE public.auth_group ALTER COLUMN id ADD GENERATED BY DEFAULT AS IDENTITY (
    SEQUENCE NAME public.auth_group_id_seq
    START WITH 1
    INCREMENT BY 1
    NO MINVALUE
    NO MAXVALUE
    CACHE 1
);


--
-- TOC entry 254 (class 1259 OID 16707)
-- Name: auth_group_permissions; Type: TABLE; Schema: public; Owner: postgres
--

CREATE TABLE public.auth_group_permissions (
    id bigint NOT NULL,
    group_id integer NOT NULL,
    permission_id integer NOT NULL
);


ALTER TABLE public.auth_group_permissions OWNER TO postgres;

--
-- TOC entry 255 (class 1259 OID 16710)
-- Name: auth_group_permissions_id_seq; Type: SEQUENCE; Schema: public; Owner: postgres
--

ALTER TABLE public.auth_group_permissions ALTER COLUMN id ADD GENERATED BY DEFAULT AS IDENTITY (
    SEQUENCE NAME public.auth_group_permissions_id_seq
    START WITH 1
    INCREMENT BY 1
    NO MINVALUE
    NO MAXVALUE
    CACHE 1
);


--
-- TOC entry 256 (class 1259 OID 16711)
-- Name: auth_permission; Type: TABLE; Schema: public; Owner: postgres
--

CREATE TABLE public.auth_permission (
    id integer NOT NULL,
    name character varying(255) NOT NULL,
    content_type_id integer NOT NULL,
    codename character varying(100) NOT NULL
);


ALTER TABLE public.auth_permission OWNER TO postgres;

--
-- TOC entry 257 (class 1259 OID 16714)
-- Name: auth_permission_id_seq; Type: SEQUENCE; Schema: public; Owner: postgres
--

ALTER TABLE public.auth_permission ALTER COLUMN id ADD GENERATED BY DEFAULT AS IDENTITY (
    SEQUENCE NAME public.auth_permission_id_seq
    START WITH 1
    INCREMENT BY 1
    NO MINVALUE
    NO MAXVALUE
    CACHE 1
);


--
-- TOC entry 258 (class 1259 OID 16715)
-- Name: auth_user; Type: TABLE; Schema: public; Owner: postgres
--

CREATE TABLE public.auth_user (
    id integer NOT NULL,
    password character varying(128) NOT NULL,
    last_login timestamp with time zone,
    is_superuser boolean NOT NULL,
    username character varying(150) NOT NULL,
    first_name character varying(150) NOT NULL,
    last_name character varying(150) NOT NULL,
    email character varying(254) NOT NULL,
    is_staff boolean NOT NULL,
    is_active boolean NOT NULL,
    date_joined timestamp with time zone NOT NULL
);


ALTER TABLE public.auth_user OWNER TO postgres;

--
-- TOC entry 259 (class 1259 OID 16720)
-- Name: auth_user_groups; Type: TABLE; Schema: public; Owner: postgres
--

CREATE TABLE public.auth_user_groups (
    id bigint NOT NULL,
    user_id integer NOT NULL,
    group_id integer NOT NULL
);


ALTER TABLE public.auth_user_groups OWNER TO postgres;

--
-- TOC entry 260 (class 1259 OID 16723)
-- Name: auth_user_groups_id_seq; Type: SEQUENCE; Schema: public; Owner: postgres
--

ALTER TABLE public.auth_user_groups ALTER COLUMN id ADD GENERATED BY DEFAULT AS IDENTITY (
    SEQUENCE NAME public.auth_user_groups_id_seq
    START WITH 1
    INCREMENT BY 1
    NO MINVALUE
    NO MAXVALUE
    CACHE 1
);


--
-- TOC entry 261 (class 1259 OID 16724)
-- Name: auth_user_id_seq; Type: SEQUENCE; Schema: public; Owner: postgres
--

ALTER TABLE public.auth_user ALTER COLUMN id ADD GENERATED BY DEFAULT AS IDENTITY (
    SEQUENCE NAME public.auth_user_id_seq
    START WITH 1
    INCREMENT BY 1
    NO MINVALUE
    NO MAXVALUE
    CACHE 1
);


--
-- TOC entry 262 (class 1259 OID 16725)
-- Name: auth_user_user_permissions; Type: TABLE; Schema: public; Owner: postgres
--

CREATE TABLE public.auth_user_user_permissions (
    id bigint NOT NULL,
    user_id integer NOT NULL,
    permission_id integer NOT NULL
);


ALTER TABLE public.auth_user_user_permissions OWNER TO postgres;

--
-- TOC entry 263 (class 1259 OID 16728)
-- Name: auth_user_user_permissions_id_seq; Type: SEQUENCE; Schema: public; Owner: postgres
--

ALTER TABLE public.auth_user_user_permissions ALTER COLUMN id ADD GENERATED BY DEFAULT AS IDENTITY (
    SEQUENCE NAME public.auth_user_user_permissions_id_seq
    START WITH 1
    INCREMENT BY 1
    NO MINVALUE
    NO MAXVALUE
    CACHE 1
);


--
-- TOC entry 264 (class 1259 OID 16729)
-- Name: django_admin_log; Type: TABLE; Schema: public; Owner: postgres
--

CREATE TABLE public.django_admin_log (
    id integer NOT NULL,
    action_time timestamp with time zone NOT NULL,
    object_id text,
    object_repr character varying(200) NOT NULL,
    action_flag smallint NOT NULL,
    change_message text NOT NULL,
    content_type_id integer,
    user_id integer NOT NULL,
    CONSTRAINT django_admin_log_action_flag_check CHECK ((action_flag >= 0))
);


ALTER TABLE public.django_admin_log OWNER TO postgres;

--
-- TOC entry 265 (class 1259 OID 16735)
-- Name: django_admin_log_id_seq; Type: SEQUENCE; Schema: public; Owner: postgres
--

ALTER TABLE public.django_admin_log ALTER COLUMN id ADD GENERATED BY DEFAULT AS IDENTITY (
    SEQUENCE NAME public.django_admin_log_id_seq
    START WITH 1
    INCREMENT BY 1
    NO MINVALUE
    NO MAXVALUE
    CACHE 1
);


--
-- TOC entry 266 (class 1259 OID 16736)
-- Name: django_content_type; Type: TABLE; Schema: public; Owner: postgres
--

CREATE TABLE public.django_content_type (
    id integer NOT NULL,
    app_label character varying(100) NOT NULL,
    model character varying(100) NOT NULL
);


ALTER TABLE public.django_content_type OWNER TO postgres;

--
-- TOC entry 267 (class 1259 OID 16739)
-- Name: django_content_type_id_seq; Type: SEQUENCE; Schema: public; Owner: postgres
--

ALTER TABLE public.django_content_type ALTER COLUMN id ADD GENERATED BY DEFAULT AS IDENTITY (
    SEQUENCE NAME public.django_content_type_id_seq
    START WITH 1
    INCREMENT BY 1
    NO MINVALUE
    NO MAXVALUE
    CACHE 1
);


--
-- TOC entry 268 (class 1259 OID 16740)
-- Name: django_migrations; Type: TABLE; Schema: public; Owner: postgres
--

CREATE TABLE public.django_migrations (
    id bigint NOT NULL,
    app character varying(255) NOT NULL,
    name character varying(255) NOT NULL,
    applied timestamp with time zone NOT NULL
);


ALTER TABLE public.django_migrations OWNER TO postgres;

--
-- TOC entry 269 (class 1259 OID 16745)
-- Name: django_migrations_id_seq; Type: SEQUENCE; Schema: public; Owner: postgres
--

ALTER TABLE public.django_migrations ALTER COLUMN id ADD GENERATED BY DEFAULT AS IDENTITY (
    SEQUENCE NAME public.django_migrations_id_seq
    START WITH 1
    INCREMENT BY 1
    NO MINVALUE
    NO MAXVALUE
    CACHE 1
);


--
-- TOC entry 270 (class 1259 OID 16746)
-- Name: django_session; Type: TABLE; Schema: public; Owner: postgres
--

CREATE TABLE public.django_session (
    session_key character varying(40) NOT NULL,
    session_data text NOT NULL,
    expire_date timestamp with time zone NOT NULL
);


ALTER TABLE public.django_session OWNER TO postgres;

--
-- TOC entry 3622 (class 0 OID 16604)
-- Dependencies: 214
-- Data for Name: app_coordinadores_asignatura; Type: TABLE DATA; Schema: public; Owner: postgres
--

INSERT INTO public.app_coordinadores_asignatura VALUES (2, 'FUNDAMENTOS DE COMPUTACIÓN Y PROGRAMACIÓN', '10110', 2, 'T', false, true, 1, 1);
INSERT INTO public.app_coordinadores_asignatura VALUES (1, 'FUNDAMENTOS DE COMPUTACIÓN Y PROGRAMACIÓN', '10110', 2, 'L', false, true, 1, 1);
INSERT INTO public.app_coordinadores_asignatura VALUES (3, 'FÍSICO-QUÍMICA II', '19478', 2, 'T', true, false, 5, NULL);
INSERT INTO public.app_coordinadores_asignatura VALUES (4, 'ECUACIONES DIFERENCIALES PARA INGENIERIA', '10122', 3, 'T', false, true, 5, NULL);
INSERT INTO public.app_coordinadores_asignatura VALUES (5, 'CÁLCULO II PARA INGENIERÍA', '10142', 2, 'T', false, true, 4, NULL);
INSERT INTO public.app_coordinadores_asignatura VALUES (6, 'ANÁLISIS ESTADÍSTICO', '18500', 4, 'T', false, true, 3, NULL);
INSERT INTO public.app_coordinadores_asignatura VALUES (7, 'INGLÉS III', '10132', 4, 'T', false, true, 2, NULL);
INSERT INTO public.app_coordinadores_asignatura VALUES (8, 'CIRCUITOS ELÉCTRICOS I', '11258', 2, 'T', false, false, 1, NULL);
INSERT INTO public.app_coordinadores_asignatura VALUES (9, 'CIRCUITOS ELÉCTRICOS I', '11258', 2, 'L', false, false, NULL, NULL);
INSERT INTO public.app_coordinadores_asignatura VALUES (10, 'PROYECTO DE INGENIERÍA DE SOFTWARE', '13267', 7, 'T', true, false, NULL, NULL);
INSERT INTO public.app_coordinadores_asignatura VALUES (11, 'TALLER DE INGENIERÍA DE SOFTWARE', '13244', 7, 'T', true, false, NULL, NULL);


--
-- TOC entry 3624 (class 0 OID 16610)
-- Dependencies: 216
-- Data for Name: app_coordinadores_asignaturas_planestudio; Type: TABLE DATA; Schema: public; Owner: postgres
--

INSERT INTO public.app_coordinadores_asignaturas_planestudio VALUES (1, 2, 1);
INSERT INTO public.app_coordinadores_asignaturas_planestudio VALUES (2, 7, 2);
INSERT INTO public.app_coordinadores_asignaturas_planestudio VALUES (3, 5, 3);
INSERT INTO public.app_coordinadores_asignaturas_planestudio VALUES (4, 6, 3);
INSERT INTO public.app_coordinadores_asignaturas_planestudio VALUES (5, 3, 4);
INSERT INTO public.app_coordinadores_asignaturas_planestudio VALUES (6, 11, 3);
INSERT INTO public.app_coordinadores_asignaturas_planestudio VALUES (7, 10, 2);


--
-- TOC entry 3626 (class 0 OID 16614)
-- Dependencies: 218
-- Data for Name: app_coordinadores_calificacion; Type: TABLE DATA; Schema: public; Owner: postgres
--

INSERT INTO public.app_coordinadores_calificacion VALUES (78, 6.1, '2022-07-04', ' ', NULL, 3, 93);
INSERT INTO public.app_coordinadores_calificacion VALUES (76, 6.5, '2022-07-04', ' ', '', 2, 93);
INSERT INTO public.app_coordinadores_calificacion VALUES (77, 4.2, '2022-07-04', ' ', NULL, 1, 93);


--
-- TOC entry 3628 (class 0 OID 16621)
-- Dependencies: 220
-- Data for Name: app_coordinadores_cambio_fecha; Type: TABLE DATA; Schema: public; Owner: postgres
--

INSERT INTO public.app_coordinadores_cambio_fecha VALUES (20, '2022-08-06', '2022-07-26', 'Se adelanta la PEP 2 porque la PEP 1 se realizó prontamente.', '2022-07-04', 96);


--
-- TOC entry 3630 (class 0 OID 16627)
-- Dependencies: 222
-- Data for Name: app_coordinadores_cambio_nota; Type: TABLE DATA; Schema: public; Owner: postgres
--

INSERT INTO public.app_coordinadores_cambio_nota VALUES (1, 5.5, 6.5, '2023-11-14', 'Re-correccion realizada', 77);


--
-- TOC entry 3632 (class 0 OID 16633)
-- Dependencies: 224
-- Data for Name: app_coordinadores_cambio_ponderacion; Type: TABLE DATA; Schema: public; Owner: postgres
--

INSERT INTO public.app_coordinadores_cambio_ponderacion VALUES (27, 0.200, 0.100, 'PEP 2 tendrá menos materia, por lo tanto, se baja su ponderación a 10%.', '2022-07-04', 96);
INSERT INTO public.app_coordinadores_cambio_ponderacion VALUES (28, 0.200, 0.300, 'PEP 3 tendrá parte de la materia de la PEP 2, por lo tanto, se sube su ponderación a 30%.', '2022-07-04', 94);
INSERT INTO public.app_coordinadores_cambio_ponderacion VALUES (29, 0.333, 0.233, 'Cambio de ponderación en la PEP 2.', '2022-07-04', 99);
INSERT INTO public.app_coordinadores_cambio_ponderacion VALUES (32, 0.333, 0.433, 'Cambio de ponderación en la PEP 1', '2022-07-04', 98);
INSERT INTO public.app_coordinadores_cambio_ponderacion VALUES (33, 0.200, 0.155, 'Cambio de ponderación en la PEP 1.', '2022-07-04', 93);
INSERT INTO public.app_coordinadores_cambio_ponderacion VALUES (34, 0.100, 0.145, 'Cambio de ponderación en la PEP 2.', '2022-07-04', 96);
INSERT INTO public.app_coordinadores_cambio_ponderacion VALUES (30, 0.333, 0.233, 'Cambio de ponderación en la PEP 2.', '2022-07-04', 100);
INSERT INTO public.app_coordinadores_cambio_ponderacion VALUES (31, 0.333, 0.433, 'Cambio de ponderación en la PEP 1', '2022-07-04', 103);


--
-- TOC entry 3634 (class 0 OID 16639)
-- Dependencies: 226
-- Data for Name: app_coordinadores_carrera; Type: TABLE DATA; Schema: public; Owner: postgres
--

INSERT INTO public.app_coordinadores_carrera VALUES (1, 'INGENIERÍA CIVIL INFORMÁTICA', 2, 1);
INSERT INTO public.app_coordinadores_carrera VALUES (2, 'INGENIERÍA DE EJECUCIÓN EN COMPUTACIÓN E INFORMÁTICA', 1, 1);


--
-- TOC entry 3636 (class 0 OID 16644)
-- Dependencies: 228
-- Data for Name: app_coordinadores_coordinacion_docente; Type: TABLE DATA; Schema: public; Owner: postgres
--

INSERT INTO public.app_coordinadores_coordinacion_docente VALUES (9, 4, 6);
INSERT INTO public.app_coordinadores_coordinacion_docente VALUES (8, 4, 7);
INSERT INTO public.app_coordinadores_coordinacion_docente VALUES (7, 3, 7);
INSERT INTO public.app_coordinadores_coordinacion_docente VALUES (5, 3, 3);
INSERT INTO public.app_coordinadores_coordinacion_docente VALUES (1, 2, 2);
INSERT INTO public.app_coordinadores_coordinacion_docente VALUES (2, 2, 3);
INSERT INTO public.app_coordinadores_coordinacion_docente VALUES (3, 2, 4);
INSERT INTO public.app_coordinadores_coordinacion_docente VALUES (4, 2, 1);
INSERT INTO public.app_coordinadores_coordinacion_docente VALUES (6, 1, 5);


--
-- TOC entry 3638 (class 0 OID 16649)
-- Dependencies: 230
-- Data for Name: app_coordinadores_coordinacion_estudiante; Type: TABLE DATA; Schema: public; Owner: postgres
--

INSERT INTO public.app_coordinadores_coordinacion_estudiante VALUES (3, NULL, 3, 2);
INSERT INTO public.app_coordinadores_coordinacion_estudiante VALUES (6, NULL, 3, 3);
INSERT INTO public.app_coordinadores_coordinacion_estudiante VALUES (10, NULL, 3, 1);
INSERT INTO public.app_coordinadores_coordinacion_estudiante VALUES (11, NULL, 2, 4);
INSERT INTO public.app_coordinadores_coordinacion_estudiante VALUES (12, NULL, 7, 1);
INSERT INTO public.app_coordinadores_coordinacion_estudiante VALUES (14, NULL, 3, 6);
INSERT INTO public.app_coordinadores_coordinacion_estudiante VALUES (1, NULL, 1, 2);
INSERT INTO public.app_coordinadores_coordinacion_estudiante VALUES (2, NULL, 2, 2);
INSERT INTO public.app_coordinadores_coordinacion_estudiante VALUES (4, NULL, 1, 3);
INSERT INTO public.app_coordinadores_coordinacion_estudiante VALUES (5, NULL, 2, 3);
INSERT INTO public.app_coordinadores_coordinacion_estudiante VALUES (9, NULL, 1, 5);


--
-- TOC entry 3640 (class 0 OID 16654)
-- Dependencies: 232
-- Data for Name: app_coordinadores_coordinacion_seccion; Type: TABLE DATA; Schema: public; Owner: postgres
--

INSERT INTO public.app_coordinadores_coordinacion_seccion VALUES (1, 'A', 1, true, 'M1V6S1', 2, 9);
INSERT INTO public.app_coordinadores_coordinacion_seccion VALUES (2, 'B', 1, true, 'M4W2J1', 4, 9);
INSERT INTO public.app_coordinadores_coordinacion_seccion VALUES (3, 'A', 1, true, 'L5M5', 3, 9);
INSERT INTO public.app_coordinadores_coordinacion_seccion VALUES (4, 'A', 4, true, 'V1V2', 1, 1);
INSERT INTO public.app_coordinadores_coordinacion_seccion VALUES (5, 'B', 1, true, 'L1M1W1', 2, 9);
INSERT INTO public.app_coordinadores_coordinacion_seccion VALUES (6, 'A', 1, true, 'J2J1V2', 10, 9);
INSERT INTO public.app_coordinadores_coordinacion_seccion VALUES (7, 'B', 2, true, 'J2J1V2', 11, 9);


--
-- TOC entry 3642 (class 0 OID 16659)
-- Dependencies: 234
-- Data for Name: app_coordinadores_coordinador; Type: TABLE DATA; Schema: public; Owner: postgres
--

INSERT INTO public.app_coordinadores_coordinador VALUES (1, 15675097, '2', 12);
INSERT INTO public.app_coordinadores_coordinador VALUES (2, 312313123, '3', 13);
INSERT INTO public.app_coordinadores_coordinador VALUES (3, 204500000, '4', 14);
INSERT INTO public.app_coordinadores_coordinador VALUES (4, 54424342, '6', 15);
INSERT INTO public.app_coordinadores_coordinador VALUES (5, 205647890, '9', 3);


--
-- TOC entry 3644 (class 0 OID 16665)
-- Dependencies: 236
-- Data for Name: app_coordinadores_departamento; Type: TABLE DATA; Schema: public; Owner: postgres
--

INSERT INTO public.app_coordinadores_departamento VALUES (1, 'INFORMATICA', 1, 1);
INSERT INTO public.app_coordinadores_departamento VALUES (2, 'ELECTRICA', 1, 1);
INSERT INTO public.app_coordinadores_departamento VALUES (3, 'OBRAS CIVILES', 1, 1);
INSERT INTO public.app_coordinadores_departamento VALUES (4, 'METALURGIA', 1, 1);


--
-- TOC entry 3646 (class 0 OID 16670)
-- Dependencies: 238
-- Data for Name: app_coordinadores_estadistica_curso; Type: TABLE DATA; Schema: public; Owner: postgres
--



--
-- TOC entry 3648 (class 0 OID 16674)
-- Dependencies: 240
-- Data for Name: app_coordinadores_evaluacion; Type: TABLE DATA; Schema: public; Owner: postgres
--

INSERT INTO public.app_coordinadores_evaluacion VALUES (93, 'PEP 1', '2022-07-12', '2022-07-26', 0.155, 'E', 'Muy buen trabajo a todos', NULL, 3, 3, 2);
INSERT INTO public.app_coordinadores_evaluacion VALUES (94, 'PEP 3', '2022-08-31', '2022-09-14', 0.300, 'P', ' ', NULL, 3, 3, 2);
INSERT INTO public.app_coordinadores_evaluacion VALUES (95, 'Control 1', '2022-07-16', '2022-07-30', 0.200, 'P', ' ', NULL, 3, 3, 1);
INSERT INTO public.app_coordinadores_evaluacion VALUES (96, 'PEP 2', '2022-07-26', '2022-08-09', 0.145, 'P', ' ', NULL, 3, 3, 2);
INSERT INTO public.app_coordinadores_evaluacion VALUES (97, 'Control 2', '2022-08-11', '2022-08-25', 0.200, 'P', ' ', NULL, 3, 3, 1);
INSERT INTO public.app_coordinadores_evaluacion VALUES (98, 'PEP 1', '2022-07-20', '2022-08-03', 0.433, 'P', ' ', NULL, 2, 5, 2);
INSERT INTO public.app_coordinadores_evaluacion VALUES (99, 'PEP 2', '2022-08-03', '2022-08-17', 0.233, 'P', '  ', NULL, 1, 1, 2);
INSERT INTO public.app_coordinadores_evaluacion VALUES (100, 'PEP 2', '2022-08-03', '2022-08-17', 0.233, 'P', ' ', NULL, 2, 5, 2);
INSERT INTO public.app_coordinadores_evaluacion VALUES (103, 'PEP 1', '2022-07-20', '2022-08-03', 0.433, 'P', ' ', NULL, 1, 1, 2);


--
-- TOC entry 3650 (class 0 OID 16681)
-- Dependencies: 242
-- Data for Name: app_coordinadores_facultad; Type: TABLE DATA; Schema: public; Owner: postgres
--

INSERT INTO public.app_coordinadores_facultad VALUES (1, 'Facultad de Ingeniaria', 'FING', 1);


--
-- TOC entry 3652 (class 0 OID 16686)
-- Dependencies: 244
-- Data for Name: app_coordinadores_plan_estudio; Type: TABLE DATA; Schema: public; Owner: postgres
--

INSERT INTO public.app_coordinadores_plan_estudio VALUES (1, '1353', '2012', 2);
INSERT INTO public.app_coordinadores_plan_estudio VALUES (2, '16014', '2022', 2);
INSERT INTO public.app_coordinadores_plan_estudio VALUES (3, '16004', '2022', 1);
INSERT INTO public.app_coordinadores_plan_estudio VALUES (4, '16004', '2014', 1);


--
-- TOC entry 3654 (class 0 OID 16690)
-- Dependencies: 246
-- Data for Name: app_coordinadores_semestre; Type: TABLE DATA; Schema: public; Owner: postgres
--

INSERT INTO public.app_coordinadores_semestre VALUES (1, 2018, 1, false);
INSERT INTO public.app_coordinadores_semestre VALUES (2, 2018, 2, false);
INSERT INTO public.app_coordinadores_semestre VALUES (3, 2019, 1, false);
INSERT INTO public.app_coordinadores_semestre VALUES (4, 2019, 2, false);
INSERT INTO public.app_coordinadores_semestre VALUES (5, 2020, 1, false);
INSERT INTO public.app_coordinadores_semestre VALUES (6, 2020, 2, false);
INSERT INTO public.app_coordinadores_semestre VALUES (7, 2021, 1, false);
INSERT INTO public.app_coordinadores_semestre VALUES (8, 2021, 2, false);
INSERT INTO public.app_coordinadores_semestre VALUES (9, 2022, 1, true);
INSERT INTO public.app_coordinadores_semestre VALUES (10, 2022, 2, false);


--
-- TOC entry 3656 (class 0 OID 16695)
-- Dependencies: 248
-- Data for Name: app_coordinadores_tipo_asignatura; Type: TABLE DATA; Schema: public; Owner: postgres
--

INSERT INTO public.app_coordinadores_tipo_asignatura VALUES (1, 'Servicios');


--
-- TOC entry 3658 (class 0 OID 16699)
-- Dependencies: 250
-- Data for Name: app_coordinadores_tipo_evaluacion; Type: TABLE DATA; Schema: public; Owner: postgres
--

INSERT INTO public.app_coordinadores_tipo_evaluacion VALUES (1, 'Control');
INSERT INTO public.app_coordinadores_tipo_evaluacion VALUES (2, 'PEP');
INSERT INTO public.app_coordinadores_tipo_evaluacion VALUES (3, 'Presentacion');
INSERT INTO public.app_coordinadores_tipo_evaluacion VALUES (4, 'Examen Oral');
INSERT INTO public.app_coordinadores_tipo_evaluacion VALUES (5, 'Laboratorio');


--
-- TOC entry 3660 (class 0 OID 16703)
-- Dependencies: 252
-- Data for Name: auth_group; Type: TABLE DATA; Schema: public; Owner: postgres
--



--
-- TOC entry 3662 (class 0 OID 16707)
-- Dependencies: 254
-- Data for Name: auth_group_permissions; Type: TABLE DATA; Schema: public; Owner: postgres
--



--
-- TOC entry 3664 (class 0 OID 16711)
-- Dependencies: 256
-- Data for Name: auth_permission; Type: TABLE DATA; Schema: public; Owner: postgres
--

INSERT INTO public.auth_permission VALUES (1, 'Can add log entry', 1, 'add_logentry');
INSERT INTO public.auth_permission VALUES (2, 'Can change log entry', 1, 'change_logentry');
INSERT INTO public.auth_permission VALUES (3, 'Can delete log entry', 1, 'delete_logentry');
INSERT INTO public.auth_permission VALUES (4, 'Can view log entry', 1, 'view_logentry');
INSERT INTO public.auth_permission VALUES (5, 'Can add permission', 2, 'add_permission');
INSERT INTO public.auth_permission VALUES (6, 'Can change permission', 2, 'change_permission');
INSERT INTO public.auth_permission VALUES (7, 'Can delete permission', 2, 'delete_permission');
INSERT INTO public.auth_permission VALUES (8, 'Can view permission', 2, 'view_permission');
INSERT INTO public.auth_permission VALUES (9, 'Can add group', 3, 'add_group');
INSERT INTO public.auth_permission VALUES (10, 'Can change group', 3, 'change_group');
INSERT INTO public.auth_permission VALUES (11, 'Can delete group', 3, 'delete_group');
INSERT INTO public.auth_permission VALUES (12, 'Can view group', 3, 'view_group');
INSERT INTO public.auth_permission VALUES (13, 'Can add user', 4, 'add_user');
INSERT INTO public.auth_permission VALUES (14, 'Can change user', 4, 'change_user');
INSERT INTO public.auth_permission VALUES (15, 'Can delete user', 4, 'delete_user');
INSERT INTO public.auth_permission VALUES (16, 'Can view user', 4, 'view_user');
INSERT INTO public.auth_permission VALUES (17, 'Can add content type', 5, 'add_contenttype');
INSERT INTO public.auth_permission VALUES (18, 'Can change content type', 5, 'change_contenttype');
INSERT INTO public.auth_permission VALUES (19, 'Can delete content type', 5, 'delete_contenttype');
INSERT INTO public.auth_permission VALUES (20, 'Can view content type', 5, 'view_contenttype');
INSERT INTO public.auth_permission VALUES (21, 'Can add session', 6, 'add_session');
INSERT INTO public.auth_permission VALUES (22, 'Can change session', 6, 'change_session');
INSERT INTO public.auth_permission VALUES (23, 'Can delete session', 6, 'delete_session');
INSERT INTO public.auth_permission VALUES (24, 'Can view session', 6, 'view_session');
INSERT INTO public.auth_permission VALUES (25, 'Can add asignatura', 7, 'add_asignatura');
INSERT INTO public.auth_permission VALUES (26, 'Can change asignatura', 7, 'change_asignatura');
INSERT INTO public.auth_permission VALUES (27, 'Can delete asignatura', 7, 'delete_asignatura');
INSERT INTO public.auth_permission VALUES (28, 'Can view asignatura', 7, 'view_asignatura');
INSERT INTO public.auth_permission VALUES (29, 'Can add calificacion', 8, 'add_calificacion');
INSERT INTO public.auth_permission VALUES (30, 'Can change calificacion', 8, 'change_calificacion');
INSERT INTO public.auth_permission VALUES (31, 'Can delete calificacion', 8, 'delete_calificacion');
INSERT INTO public.auth_permission VALUES (32, 'Can view calificacion', 8, 'view_calificacion');
INSERT INTO public.auth_permission VALUES (33, 'Can add carrera', 9, 'add_carrera');
INSERT INTO public.auth_permission VALUES (34, 'Can change carrera', 9, 'change_carrera');
INSERT INTO public.auth_permission VALUES (35, 'Can delete carrera', 9, 'delete_carrera');
INSERT INTO public.auth_permission VALUES (36, 'Can view carrera', 9, 'view_carrera');
INSERT INTO public.auth_permission VALUES (37, 'Can add coordinacion_ docente', 10, 'add_coordinacion_docente');
INSERT INTO public.auth_permission VALUES (38, 'Can change coordinacion_ docente', 10, 'change_coordinacion_docente');
INSERT INTO public.auth_permission VALUES (39, 'Can delete coordinacion_ docente', 10, 'delete_coordinacion_docente');
INSERT INTO public.auth_permission VALUES (40, 'Can view coordinacion_ docente', 10, 'view_coordinacion_docente');
INSERT INTO public.auth_permission VALUES (41, 'Can add coordinacion_ seccion', 11, 'add_coordinacion_seccion');
INSERT INTO public.auth_permission VALUES (42, 'Can change coordinacion_ seccion', 11, 'change_coordinacion_seccion');
INSERT INTO public.auth_permission VALUES (43, 'Can delete coordinacion_ seccion', 11, 'delete_coordinacion_seccion');
INSERT INTO public.auth_permission VALUES (44, 'Can view coordinacion_ seccion', 11, 'view_coordinacion_seccion');
INSERT INTO public.auth_permission VALUES (45, 'Can add evaluacion', 12, 'add_evaluacion');
INSERT INTO public.auth_permission VALUES (46, 'Can change evaluacion', 12, 'change_evaluacion');
INSERT INTO public.auth_permission VALUES (47, 'Can delete evaluacion', 12, 'delete_evaluacion');
INSERT INTO public.auth_permission VALUES (48, 'Can view evaluacion', 12, 'view_evaluacion');
INSERT INTO public.auth_permission VALUES (49, 'Can add facultad', 13, 'add_facultad');
INSERT INTO public.auth_permission VALUES (50, 'Can change facultad', 13, 'change_facultad');
INSERT INTO public.auth_permission VALUES (51, 'Can delete facultad', 13, 'delete_facultad');
INSERT INTO public.auth_permission VALUES (52, 'Can view facultad', 13, 'view_facultad');
INSERT INTO public.auth_permission VALUES (53, 'Can add semestre', 14, 'add_semestre');
INSERT INTO public.auth_permission VALUES (54, 'Can change semestre', 14, 'change_semestre');
INSERT INTO public.auth_permission VALUES (55, 'Can delete semestre', 14, 'delete_semestre');
INSERT INTO public.auth_permission VALUES (56, 'Can view semestre', 14, 'view_semestre');
INSERT INTO public.auth_permission VALUES (57, 'Can add tipo_ asignatura', 15, 'add_tipo_asignatura');
INSERT INTO public.auth_permission VALUES (58, 'Can change tipo_ asignatura', 15, 'change_tipo_asignatura');
INSERT INTO public.auth_permission VALUES (59, 'Can delete tipo_ asignatura', 15, 'delete_tipo_asignatura');
INSERT INTO public.auth_permission VALUES (60, 'Can view tipo_ asignatura', 15, 'view_tipo_asignatura');
INSERT INTO public.auth_permission VALUES (61, 'Can add tipo_ evaluacion', 16, 'add_tipo_evaluacion');
INSERT INTO public.auth_permission VALUES (62, 'Can change tipo_ evaluacion', 16, 'change_tipo_evaluacion');
INSERT INTO public.auth_permission VALUES (63, 'Can delete tipo_ evaluacion', 16, 'delete_tipo_evaluacion');
INSERT INTO public.auth_permission VALUES (64, 'Can view tipo_ evaluacion', 16, 'view_tipo_evaluacion');
INSERT INTO public.auth_permission VALUES (65, 'Can add solicitud_ revision', 17, 'add_solicitud_revision');
INSERT INTO public.auth_permission VALUES (66, 'Can change solicitud_ revision', 17, 'change_solicitud_revision');
INSERT INTO public.auth_permission VALUES (67, 'Can delete solicitud_ revision', 17, 'delete_solicitud_revision');
INSERT INTO public.auth_permission VALUES (68, 'Can view solicitud_ revision', 17, 'view_solicitud_revision');
INSERT INTO public.auth_permission VALUES (69, 'Can add plan_ estudio', 18, 'add_plan_estudio');
INSERT INTO public.auth_permission VALUES (70, 'Can change plan_ estudio', 18, 'change_plan_estudio');
INSERT INTO public.auth_permission VALUES (71, 'Can delete plan_ estudio', 18, 'delete_plan_estudio');
INSERT INTO public.auth_permission VALUES (72, 'Can view plan_ estudio', 18, 'view_plan_estudio');
INSERT INTO public.auth_permission VALUES (73, 'Can add estadistica_ curso', 19, 'add_estadistica_curso');
INSERT INTO public.auth_permission VALUES (74, 'Can change estadistica_ curso', 19, 'change_estadistica_curso');
INSERT INTO public.auth_permission VALUES (75, 'Can delete estadistica_ curso', 19, 'delete_estadistica_curso');
INSERT INTO public.auth_permission VALUES (76, 'Can view estadistica_ curso', 19, 'view_estadistica_curso');
INSERT INTO public.auth_permission VALUES (77, 'Can add departamento', 20, 'add_departamento');
INSERT INTO public.auth_permission VALUES (78, 'Can change departamento', 20, 'change_departamento');
INSERT INTO public.auth_permission VALUES (79, 'Can delete departamento', 20, 'delete_departamento');
INSERT INTO public.auth_permission VALUES (80, 'Can view departamento', 20, 'view_departamento');
INSERT INTO public.auth_permission VALUES (81, 'Can add coordinador', 21, 'add_coordinador');
INSERT INTO public.auth_permission VALUES (82, 'Can change coordinador', 21, 'change_coordinador');
INSERT INTO public.auth_permission VALUES (83, 'Can delete coordinador', 21, 'delete_coordinador');
INSERT INTO public.auth_permission VALUES (84, 'Can view coordinador', 21, 'view_coordinador');
INSERT INTO public.auth_permission VALUES (85, 'Can add coordinacion_ estudiante', 22, 'add_coordinacion_estudiante');
INSERT INTO public.auth_permission VALUES (86, 'Can change coordinacion_ estudiante', 22, 'change_coordinacion_estudiante');
INSERT INTO public.auth_permission VALUES (87, 'Can delete coordinacion_ estudiante', 22, 'delete_coordinacion_estudiante');
INSERT INTO public.auth_permission VALUES (88, 'Can view coordinacion_ estudiante', 22, 'view_coordinacion_estudiante');
INSERT INTO public.auth_permission VALUES (89, 'Can add cambio_ ponderacion', 23, 'add_cambio_ponderacion');
INSERT INTO public.auth_permission VALUES (90, 'Can change cambio_ ponderacion', 23, 'change_cambio_ponderacion');
INSERT INTO public.auth_permission VALUES (91, 'Can delete cambio_ ponderacion', 23, 'delete_cambio_ponderacion');
INSERT INTO public.auth_permission VALUES (92, 'Can view cambio_ ponderacion', 23, 'view_cambio_ponderacion');
INSERT INTO public.auth_permission VALUES (93, 'Can add cambio_nota', 24, 'add_cambio_nota');
INSERT INTO public.auth_permission VALUES (94, 'Can change cambio_nota', 24, 'change_cambio_nota');
INSERT INTO public.auth_permission VALUES (95, 'Can delete cambio_nota', 24, 'delete_cambio_nota');
INSERT INTO public.auth_permission VALUES (96, 'Can view cambio_nota', 24, 'view_cambio_nota');
INSERT INTO public.auth_permission VALUES (97, 'Can add cambio_ fecha', 25, 'add_cambio_fecha');
INSERT INTO public.auth_permission VALUES (98, 'Can change cambio_ fecha', 25, 'change_cambio_fecha');
INSERT INTO public.auth_permission VALUES (99, 'Can delete cambio_ fecha', 25, 'delete_cambio_fecha');
INSERT INTO public.auth_permission VALUES (100, 'Can view cambio_ fecha', 25, 'view_cambio_fecha');
INSERT INTO public.auth_permission VALUES (101, 'Can add asignaturas_ plan estudio', 26, 'add_asignaturas_planestudio');
INSERT INTO public.auth_permission VALUES (102, 'Can change asignaturas_ plan estudio', 26, 'change_asignaturas_planestudio');
INSERT INTO public.auth_permission VALUES (103, 'Can delete asignaturas_ plan estudio', 26, 'delete_asignaturas_planestudio');
INSERT INTO public.auth_permission VALUES (104, 'Can view asignaturas_ plan estudio', 26, 'view_asignaturas_planestudio');


--
-- TOC entry 3666 (class 0 OID 16715)
-- Dependencies: 258
-- Data for Name: auth_user; Type: TABLE DATA; Schema: public; Owner: postgres
--



--
-- TOC entry 3667 (class 0 OID 16720)
-- Dependencies: 259
-- Data for Name: auth_user_groups; Type: TABLE DATA; Schema: public; Owner: postgres
--



--
-- TOC entry 3670 (class 0 OID 16725)
-- Dependencies: 262
-- Data for Name: auth_user_user_permissions; Type: TABLE DATA; Schema: public; Owner: postgres
--



--
-- TOC entry 3672 (class 0 OID 16729)
-- Dependencies: 264
-- Data for Name: django_admin_log; Type: TABLE DATA; Schema: public; Owner: postgres
--



--
-- TOC entry 3674 (class 0 OID 16736)
-- Dependencies: 266
-- Data for Name: django_content_type; Type: TABLE DATA; Schema: public; Owner: postgres
--

INSERT INTO public.django_content_type VALUES (1, 'admin', 'logentry');
INSERT INTO public.django_content_type VALUES (2, 'auth', 'permission');
INSERT INTO public.django_content_type VALUES (3, 'auth', 'group');
INSERT INTO public.django_content_type VALUES (4, 'auth', 'user');
INSERT INTO public.django_content_type VALUES (5, 'contenttypes', 'contenttype');
INSERT INTO public.django_content_type VALUES (6, 'sessions', 'session');
INSERT INTO public.django_content_type VALUES (7, 'app_coordinadores', 'asignatura');
INSERT INTO public.django_content_type VALUES (8, 'app_coordinadores', 'calificacion');
INSERT INTO public.django_content_type VALUES (9, 'app_coordinadores', 'carrera');
INSERT INTO public.django_content_type VALUES (10, 'app_coordinadores', 'coordinacion_docente');
INSERT INTO public.django_content_type VALUES (11, 'app_coordinadores', 'coordinacion_seccion');
INSERT INTO public.django_content_type VALUES (12, 'app_coordinadores', 'evaluacion');
INSERT INTO public.django_content_type VALUES (13, 'app_coordinadores', 'facultad');
INSERT INTO public.django_content_type VALUES (14, 'app_coordinadores', 'semestre');
INSERT INTO public.django_content_type VALUES (15, 'app_coordinadores', 'tipo_asignatura');
INSERT INTO public.django_content_type VALUES (16, 'app_coordinadores', 'tipo_evaluacion');
INSERT INTO public.django_content_type VALUES (17, 'app_coordinadores', 'solicitud_revision');
INSERT INTO public.django_content_type VALUES (18, 'app_coordinadores', 'plan_estudio');
INSERT INTO public.django_content_type VALUES (19, 'app_coordinadores', 'estadistica_curso');
INSERT INTO public.django_content_type VALUES (20, 'app_coordinadores', 'departamento');
INSERT INTO public.django_content_type VALUES (21, 'app_coordinadores', 'coordinador');
INSERT INTO public.django_content_type VALUES (22, 'app_coordinadores', 'coordinacion_estudiante');
INSERT INTO public.django_content_type VALUES (23, 'app_coordinadores', 'cambio_ponderacion');
INSERT INTO public.django_content_type VALUES (24, 'app_coordinadores', 'cambio_nota');
INSERT INTO public.django_content_type VALUES (25, 'app_coordinadores', 'cambio_fecha');
INSERT INTO public.django_content_type VALUES (26, 'app_coordinadores', 'asignaturas_planestudio');


--
-- TOC entry 3676 (class 0 OID 16740)
-- Dependencies: 268
-- Data for Name: django_migrations; Type: TABLE DATA; Schema: public; Owner: postgres
--

INSERT INTO public.django_migrations VALUES (1, 'contenttypes', '0001_initial', '2023-11-11 23:16:37.243393+00');
INSERT INTO public.django_migrations VALUES (2, 'auth', '0001_initial', '2023-11-11 23:16:37.54073+00');
INSERT INTO public.django_migrations VALUES (3, 'admin', '0001_initial', '2023-11-11 23:16:37.62441+00');
INSERT INTO public.django_migrations VALUES (4, 'admin', '0002_logentry_remove_auto_add', '2023-11-11 23:16:37.638882+00');
INSERT INTO public.django_migrations VALUES (5, 'admin', '0003_logentry_add_action_flag_choices', '2023-11-11 23:16:37.654881+00');
INSERT INTO public.django_migrations VALUES (6, 'app_coordinadores', '0001_initial', '2023-11-11 23:16:38.393229+00');
INSERT INTO public.django_migrations VALUES (7, 'contenttypes', '0002_remove_content_type_name', '2023-11-11 23:16:38.457203+00');
INSERT INTO public.django_migrations VALUES (8, 'auth', '0002_alter_permission_name_max_length', '2023-11-11 23:16:38.479232+00');
INSERT INTO public.django_migrations VALUES (9, 'auth', '0003_alter_user_email_max_length', '2023-11-11 23:16:38.577453+00');
INSERT INTO public.django_migrations VALUES (10, 'auth', '0004_alter_user_username_opts', '2023-11-11 23:16:38.595582+00');
INSERT INTO public.django_migrations VALUES (11, 'auth', '0005_alter_user_last_login_null', '2023-11-11 23:16:38.61455+00');
INSERT INTO public.django_migrations VALUES (12, 'auth', '0006_require_contenttypes_0002', '2023-11-11 23:16:38.627483+00');
INSERT INTO public.django_migrations VALUES (13, 'auth', '0007_alter_validators_add_error_messages', '2023-11-11 23:16:38.661045+00');
INSERT INTO public.django_migrations VALUES (14, 'auth', '0008_alter_user_username_max_length', '2023-11-11 23:16:38.711446+00');
INSERT INTO public.django_migrations VALUES (15, 'auth', '0009_alter_user_last_name_max_length', '2023-11-11 23:16:38.744014+00');
INSERT INTO public.django_migrations VALUES (16, 'auth', '0010_alter_group_name_max_length', '2023-11-11 23:16:38.777361+00');
INSERT INTO public.django_migrations VALUES (17, 'auth', '0011_update_proxy_permissions', '2023-11-11 23:16:38.841658+00');
INSERT INTO public.django_migrations VALUES (18, 'auth', '0012_alter_user_first_name_max_length', '2023-11-11 23:16:38.860748+00');
INSERT INTO public.django_migrations VALUES (19, 'sessions', '0001_initial', '2023-11-11 23:16:38.909925+00');
INSERT INTO public.django_migrations VALUES (20, 'app_coordinadores', '0002_alter_coordinador_id_usuario', '2023-11-11 23:36:26.147014+00');
INSERT INTO public.django_migrations VALUES (21, 'app_coordinadores', '0003_delete_solicitud_revision', '2023-11-12 01:10:32.657117+00');
INSERT INTO public.django_migrations VALUES (22, 'app_coordinadores', '0004_alter_coordinacion_docente_id_coordinacion', '2023-11-12 02:28:23.271073+00');


--
-- TOC entry 3678 (class 0 OID 16746)
-- Dependencies: 270
-- Data for Name: django_session; Type: TABLE DATA; Schema: public; Owner: postgres
--



--
-- TOC entry 3684 (class 0 OID 0)
-- Dependencies: 215
-- Name: app_coordinadores_asignatura_id_seq; Type: SEQUENCE SET; Schema: public; Owner: postgres
--

SELECT pg_catalog.setval('public.app_coordinadores_asignatura_id_seq', 1, true);


--
-- TOC entry 3685 (class 0 OID 0)
-- Dependencies: 217
-- Name: app_coordinadores_asignaturas_planestudio_id_seq; Type: SEQUENCE SET; Schema: public; Owner: postgres
--

SELECT pg_catalog.setval('public.app_coordinadores_asignaturas_planestudio_id_seq', 1, false);


--
-- TOC entry 3686 (class 0 OID 0)
-- Dependencies: 219
-- Name: app_coordinadores_calificacion_id_seq; Type: SEQUENCE SET; Schema: public; Owner: postgres
--

SELECT pg_catalog.setval('public.app_coordinadores_calificacion_id_seq', 1, false);


--
-- TOC entry 3687 (class 0 OID 0)
-- Dependencies: 221
-- Name: app_coordinadores_cambio_fecha_id_seq; Type: SEQUENCE SET; Schema: public; Owner: postgres
--

SELECT pg_catalog.setval('public.app_coordinadores_cambio_fecha_id_seq', 1, false);


--
-- TOC entry 3688 (class 0 OID 0)
-- Dependencies: 223
-- Name: app_coordinadores_cambio_nota_id_seq; Type: SEQUENCE SET; Schema: public; Owner: postgres
--

SELECT pg_catalog.setval('public.app_coordinadores_cambio_nota_id_seq', 1, false);


--
-- TOC entry 3689 (class 0 OID 0)
-- Dependencies: 225
-- Name: app_coordinadores_cambio_ponderacion_id_seq; Type: SEQUENCE SET; Schema: public; Owner: postgres
--

SELECT pg_catalog.setval('public.app_coordinadores_cambio_ponderacion_id_seq', 1, false);


--
-- TOC entry 3690 (class 0 OID 0)
-- Dependencies: 227
-- Name: app_coordinadores_carrera_id_seq; Type: SEQUENCE SET; Schema: public; Owner: postgres
--

SELECT pg_catalog.setval('public.app_coordinadores_carrera_id_seq', 1, false);


--
-- TOC entry 3691 (class 0 OID 0)
-- Dependencies: 229
-- Name: app_coordinadores_coordinacion_docente_id_seq; Type: SEQUENCE SET; Schema: public; Owner: postgres
--

SELECT pg_catalog.setval('public.app_coordinadores_coordinacion_docente_id_seq', 1, false);


--
-- TOC entry 3692 (class 0 OID 0)
-- Dependencies: 231
-- Name: app_coordinadores_coordinacion_estudiante_id_seq; Type: SEQUENCE SET; Schema: public; Owner: postgres
--

SELECT pg_catalog.setval('public.app_coordinadores_coordinacion_estudiante_id_seq', 1, false);


--
-- TOC entry 3693 (class 0 OID 0)
-- Dependencies: 233
-- Name: app_coordinadores_coordinacion_seccion_id_seq; Type: SEQUENCE SET; Schema: public; Owner: postgres
--

SELECT pg_catalog.setval('public.app_coordinadores_coordinacion_seccion_id_seq', 1, false);


--
-- TOC entry 3694 (class 0 OID 0)
-- Dependencies: 235
-- Name: app_coordinadores_coordinador_id_seq; Type: SEQUENCE SET; Schema: public; Owner: postgres
--

SELECT pg_catalog.setval('public.app_coordinadores_coordinador_id_seq', 1, true);


--
-- TOC entry 3695 (class 0 OID 0)
-- Dependencies: 237
-- Name: app_coordinadores_departamento_id_seq; Type: SEQUENCE SET; Schema: public; Owner: postgres
--

SELECT pg_catalog.setval('public.app_coordinadores_departamento_id_seq', 1, false);


--
-- TOC entry 3696 (class 0 OID 0)
-- Dependencies: 239
-- Name: app_coordinadores_estadistica_curso_id_seq; Type: SEQUENCE SET; Schema: public; Owner: postgres
--

SELECT pg_catalog.setval('public.app_coordinadores_estadistica_curso_id_seq', 1, false);


--
-- TOC entry 3697 (class 0 OID 0)
-- Dependencies: 241
-- Name: app_coordinadores_evaluacion_id_seq; Type: SEQUENCE SET; Schema: public; Owner: postgres
--

SELECT pg_catalog.setval('public.app_coordinadores_evaluacion_id_seq', 1, false);


--
-- TOC entry 3698 (class 0 OID 0)
-- Dependencies: 243
-- Name: app_coordinadores_facultad_id_seq; Type: SEQUENCE SET; Schema: public; Owner: postgres
--

SELECT pg_catalog.setval('public.app_coordinadores_facultad_id_seq', 1, false);


--
-- TOC entry 3699 (class 0 OID 0)
-- Dependencies: 245
-- Name: app_coordinadores_plan_estudio_id_seq; Type: SEQUENCE SET; Schema: public; Owner: postgres
--

SELECT pg_catalog.setval('public.app_coordinadores_plan_estudio_id_seq', 1, false);


--
-- TOC entry 3700 (class 0 OID 0)
-- Dependencies: 247
-- Name: app_coordinadores_semestre_id_seq; Type: SEQUENCE SET; Schema: public; Owner: postgres
--

SELECT pg_catalog.setval('public.app_coordinadores_semestre_id_seq', 1, false);


--
-- TOC entry 3701 (class 0 OID 0)
-- Dependencies: 249
-- Name: app_coordinadores_tipo_asignatura_id_seq; Type: SEQUENCE SET; Schema: public; Owner: postgres
--

SELECT pg_catalog.setval('public.app_coordinadores_tipo_asignatura_id_seq', 1, false);


--
-- TOC entry 3702 (class 0 OID 0)
-- Dependencies: 251
-- Name: app_coordinadores_tipo_evaluacion_id_seq; Type: SEQUENCE SET; Schema: public; Owner: postgres
--

SELECT pg_catalog.setval('public.app_coordinadores_tipo_evaluacion_id_seq', 1, false);


--
-- TOC entry 3703 (class 0 OID 0)
-- Dependencies: 253
-- Name: auth_group_id_seq; Type: SEQUENCE SET; Schema: public; Owner: postgres
--

SELECT pg_catalog.setval('public.auth_group_id_seq', 1, false);


--
-- TOC entry 3704 (class 0 OID 0)
-- Dependencies: 255
-- Name: auth_group_permissions_id_seq; Type: SEQUENCE SET; Schema: public; Owner: postgres
--

SELECT pg_catalog.setval('public.auth_group_permissions_id_seq', 1, false);


--
-- TOC entry 3705 (class 0 OID 0)
-- Dependencies: 257
-- Name: auth_permission_id_seq; Type: SEQUENCE SET; Schema: public; Owner: postgres
--

SELECT pg_catalog.setval('public.auth_permission_id_seq', 104, true);


--
-- TOC entry 3706 (class 0 OID 0)
-- Dependencies: 260
-- Name: auth_user_groups_id_seq; Type: SEQUENCE SET; Schema: public; Owner: postgres
--

SELECT pg_catalog.setval('public.auth_user_groups_id_seq', 1, false);


--
-- TOC entry 3707 (class 0 OID 0)
-- Dependencies: 261
-- Name: auth_user_id_seq; Type: SEQUENCE SET; Schema: public; Owner: postgres
--

SELECT pg_catalog.setval('public.auth_user_id_seq', 1, false);


--
-- TOC entry 3708 (class 0 OID 0)
-- Dependencies: 263
-- Name: auth_user_user_permissions_id_seq; Type: SEQUENCE SET; Schema: public; Owner: postgres
--

SELECT pg_catalog.setval('public.auth_user_user_permissions_id_seq', 1, false);


--
-- TOC entry 3709 (class 0 OID 0)
-- Dependencies: 265
-- Name: django_admin_log_id_seq; Type: SEQUENCE SET; Schema: public; Owner: postgres
--

SELECT pg_catalog.setval('public.django_admin_log_id_seq', 1, false);


--
-- TOC entry 3710 (class 0 OID 0)
-- Dependencies: 267
-- Name: django_content_type_id_seq; Type: SEQUENCE SET; Schema: public; Owner: postgres
--

SELECT pg_catalog.setval('public.django_content_type_id_seq', 26, true);


--
-- TOC entry 3711 (class 0 OID 0)
-- Dependencies: 269
-- Name: django_migrations_id_seq; Type: SEQUENCE SET; Schema: public; Owner: postgres
--

SELECT pg_catalog.setval('public.django_migrations_id_seq', 22, true);


--
-- TOC entry 3354 (class 2606 OID 16752)
-- Name: app_coordinadores_asignatura app_coordinadores_asignatura_pkey; Type: CONSTRAINT; Schema: public; Owner: postgres
--

ALTER TABLE ONLY public.app_coordinadores_asignatura
    ADD CONSTRAINT app_coordinadores_asignatura_pkey PRIMARY KEY (id);


--
-- TOC entry 3358 (class 2606 OID 16754)
-- Name: app_coordinadores_asignaturas_planestudio app_coordinadores_asignaturas_planestudio_pkey; Type: CONSTRAINT; Schema: public; Owner: postgres
--

ALTER TABLE ONLY public.app_coordinadores_asignaturas_planestudio
    ADD CONSTRAINT app_coordinadores_asignaturas_planestudio_pkey PRIMARY KEY (id);


--
-- TOC entry 3361 (class 2606 OID 16756)
-- Name: app_coordinadores_calificacion app_coordinadores_calificacion_pkey; Type: CONSTRAINT; Schema: public; Owner: postgres
--

ALTER TABLE ONLY public.app_coordinadores_calificacion
    ADD CONSTRAINT app_coordinadores_calificacion_pkey PRIMARY KEY (id);


--
-- TOC entry 3364 (class 2606 OID 16758)
-- Name: app_coordinadores_cambio_fecha app_coordinadores_cambio_fecha_pkey; Type: CONSTRAINT; Schema: public; Owner: postgres
--

ALTER TABLE ONLY public.app_coordinadores_cambio_fecha
    ADD CONSTRAINT app_coordinadores_cambio_fecha_pkey PRIMARY KEY (id);


--
-- TOC entry 3367 (class 2606 OID 16760)
-- Name: app_coordinadores_cambio_nota app_coordinadores_cambio_nota_pkey; Type: CONSTRAINT; Schema: public; Owner: postgres
--

ALTER TABLE ONLY public.app_coordinadores_cambio_nota
    ADD CONSTRAINT app_coordinadores_cambio_nota_pkey PRIMARY KEY (id);


--
-- TOC entry 3370 (class 2606 OID 16762)
-- Name: app_coordinadores_cambio_ponderacion app_coordinadores_cambio_ponderacion_pkey; Type: CONSTRAINT; Schema: public; Owner: postgres
--

ALTER TABLE ONLY public.app_coordinadores_cambio_ponderacion
    ADD CONSTRAINT app_coordinadores_cambio_ponderacion_pkey PRIMARY KEY (id);


--
-- TOC entry 3373 (class 2606 OID 16764)
-- Name: app_coordinadores_carrera app_coordinadores_carrera_pkey; Type: CONSTRAINT; Schema: public; Owner: postgres
--

ALTER TABLE ONLY public.app_coordinadores_carrera
    ADD CONSTRAINT app_coordinadores_carrera_pkey PRIMARY KEY (id);


--
-- TOC entry 3376 (class 2606 OID 16766)
-- Name: app_coordinadores_coordinacion_docente app_coordinadores_coordinacion_docente_pkey; Type: CONSTRAINT; Schema: public; Owner: postgres
--

ALTER TABLE ONLY public.app_coordinadores_coordinacion_docente
    ADD CONSTRAINT app_coordinadores_coordinacion_docente_pkey PRIMARY KEY (id);


--
-- TOC entry 3379 (class 2606 OID 16768)
-- Name: app_coordinadores_coordinacion_estudiante app_coordinadores_coordinacion_estudiante_pkey; Type: CONSTRAINT; Schema: public; Owner: postgres
--

ALTER TABLE ONLY public.app_coordinadores_coordinacion_estudiante
    ADD CONSTRAINT app_coordinadores_coordinacion_estudiante_pkey PRIMARY KEY (id);


--
-- TOC entry 3383 (class 2606 OID 16770)
-- Name: app_coordinadores_coordinacion_seccion app_coordinadores_coordinacion_seccion_pkey; Type: CONSTRAINT; Schema: public; Owner: postgres
--

ALTER TABLE ONLY public.app_coordinadores_coordinacion_seccion
    ADD CONSTRAINT app_coordinadores_coordinacion_seccion_pkey PRIMARY KEY (id);


--
-- TOC entry 3385 (class 2606 OID 16772)
-- Name: app_coordinadores_coordinador app_coordinadores_coordinador_pkey; Type: CONSTRAINT; Schema: public; Owner: postgres
--

ALTER TABLE ONLY public.app_coordinadores_coordinador
    ADD CONSTRAINT app_coordinadores_coordinador_pkey PRIMARY KEY (id);


--
-- TOC entry 3388 (class 2606 OID 16774)
-- Name: app_coordinadores_departamento app_coordinadores_departamento_pkey; Type: CONSTRAINT; Schema: public; Owner: postgres
--

ALTER TABLE ONLY public.app_coordinadores_departamento
    ADD CONSTRAINT app_coordinadores_departamento_pkey PRIMARY KEY (id);


--
-- TOC entry 3391 (class 2606 OID 16776)
-- Name: app_coordinadores_estadistica_curso app_coordinadores_estadistica_curso_pkey; Type: CONSTRAINT; Schema: public; Owner: postgres
--

ALTER TABLE ONLY public.app_coordinadores_estadistica_curso
    ADD CONSTRAINT app_coordinadores_estadistica_curso_pkey PRIMARY KEY (id);


--
-- TOC entry 3395 (class 2606 OID 16778)
-- Name: app_coordinadores_evaluacion app_coordinadores_evaluacion_pkey; Type: CONSTRAINT; Schema: public; Owner: postgres
--

ALTER TABLE ONLY public.app_coordinadores_evaluacion
    ADD CONSTRAINT app_coordinadores_evaluacion_pkey PRIMARY KEY (id);


--
-- TOC entry 3397 (class 2606 OID 16780)
-- Name: app_coordinadores_facultad app_coordinadores_facultad_pkey; Type: CONSTRAINT; Schema: public; Owner: postgres
--

ALTER TABLE ONLY public.app_coordinadores_facultad
    ADD CONSTRAINT app_coordinadores_facultad_pkey PRIMARY KEY (id);


--
-- TOC entry 3400 (class 2606 OID 16782)
-- Name: app_coordinadores_plan_estudio app_coordinadores_plan_estudio_pkey; Type: CONSTRAINT; Schema: public; Owner: postgres
--

ALTER TABLE ONLY public.app_coordinadores_plan_estudio
    ADD CONSTRAINT app_coordinadores_plan_estudio_pkey PRIMARY KEY (id);


--
-- TOC entry 3402 (class 2606 OID 16784)
-- Name: app_coordinadores_semestre app_coordinadores_semestre_pkey; Type: CONSTRAINT; Schema: public; Owner: postgres
--

ALTER TABLE ONLY public.app_coordinadores_semestre
    ADD CONSTRAINT app_coordinadores_semestre_pkey PRIMARY KEY (id);


--
-- TOC entry 3404 (class 2606 OID 16786)
-- Name: app_coordinadores_tipo_asignatura app_coordinadores_tipo_asignatura_pkey; Type: CONSTRAINT; Schema: public; Owner: postgres
--

ALTER TABLE ONLY public.app_coordinadores_tipo_asignatura
    ADD CONSTRAINT app_coordinadores_tipo_asignatura_pkey PRIMARY KEY (id);


--
-- TOC entry 3406 (class 2606 OID 16788)
-- Name: app_coordinadores_tipo_evaluacion app_coordinadores_tipo_evaluacion_pkey; Type: CONSTRAINT; Schema: public; Owner: postgres
--

ALTER TABLE ONLY public.app_coordinadores_tipo_evaluacion
    ADD CONSTRAINT app_coordinadores_tipo_evaluacion_pkey PRIMARY KEY (id);


--
-- TOC entry 3409 (class 2606 OID 16790)
-- Name: auth_group auth_group_name_key; Type: CONSTRAINT; Schema: public; Owner: postgres
--

ALTER TABLE ONLY public.auth_group
    ADD CONSTRAINT auth_group_name_key UNIQUE (name);


--
-- TOC entry 3414 (class 2606 OID 16792)
-- Name: auth_group_permissions auth_group_permissions_group_id_permission_id_0cd325b0_uniq; Type: CONSTRAINT; Schema: public; Owner: postgres
--

ALTER TABLE ONLY public.auth_group_permissions
    ADD CONSTRAINT auth_group_permissions_group_id_permission_id_0cd325b0_uniq UNIQUE (group_id, permission_id);


--
-- TOC entry 3417 (class 2606 OID 16794)
-- Name: auth_group_permissions auth_group_permissions_pkey; Type: CONSTRAINT; Schema: public; Owner: postgres
--

ALTER TABLE ONLY public.auth_group_permissions
    ADD CONSTRAINT auth_group_permissions_pkey PRIMARY KEY (id);


--
-- TOC entry 3411 (class 2606 OID 16796)
-- Name: auth_group auth_group_pkey; Type: CONSTRAINT; Schema: public; Owner: postgres
--

ALTER TABLE ONLY public.auth_group
    ADD CONSTRAINT auth_group_pkey PRIMARY KEY (id);


--
-- TOC entry 3420 (class 2606 OID 16798)
-- Name: auth_permission auth_permission_content_type_id_codename_01ab375a_uniq; Type: CONSTRAINT; Schema: public; Owner: postgres
--

ALTER TABLE ONLY public.auth_permission
    ADD CONSTRAINT auth_permission_content_type_id_codename_01ab375a_uniq UNIQUE (content_type_id, codename);


--
-- TOC entry 3422 (class 2606 OID 16800)
-- Name: auth_permission auth_permission_pkey; Type: CONSTRAINT; Schema: public; Owner: postgres
--

ALTER TABLE ONLY public.auth_permission
    ADD CONSTRAINT auth_permission_pkey PRIMARY KEY (id);


--
-- TOC entry 3430 (class 2606 OID 16802)
-- Name: auth_user_groups auth_user_groups_pkey; Type: CONSTRAINT; Schema: public; Owner: postgres
--

ALTER TABLE ONLY public.auth_user_groups
    ADD CONSTRAINT auth_user_groups_pkey PRIMARY KEY (id);


--
-- TOC entry 3433 (class 2606 OID 16804)
-- Name: auth_user_groups auth_user_groups_user_id_group_id_94350c0c_uniq; Type: CONSTRAINT; Schema: public; Owner: postgres
--

ALTER TABLE ONLY public.auth_user_groups
    ADD CONSTRAINT auth_user_groups_user_id_group_id_94350c0c_uniq UNIQUE (user_id, group_id);


--
-- TOC entry 3424 (class 2606 OID 16806)
-- Name: auth_user auth_user_pkey; Type: CONSTRAINT; Schema: public; Owner: postgres
--

ALTER TABLE ONLY public.auth_user
    ADD CONSTRAINT auth_user_pkey PRIMARY KEY (id);


--
-- TOC entry 3436 (class 2606 OID 16808)
-- Name: auth_user_user_permissions auth_user_user_permissions_pkey; Type: CONSTRAINT; Schema: public; Owner: postgres
--

ALTER TABLE ONLY public.auth_user_user_permissions
    ADD CONSTRAINT auth_user_user_permissions_pkey PRIMARY KEY (id);


--
-- TOC entry 3439 (class 2606 OID 16810)
-- Name: auth_user_user_permissions auth_user_user_permissions_user_id_permission_id_14a6b632_uniq; Type: CONSTRAINT; Schema: public; Owner: postgres
--

ALTER TABLE ONLY public.auth_user_user_permissions
    ADD CONSTRAINT auth_user_user_permissions_user_id_permission_id_14a6b632_uniq UNIQUE (user_id, permission_id);


--
-- TOC entry 3427 (class 2606 OID 16812)
-- Name: auth_user auth_user_username_key; Type: CONSTRAINT; Schema: public; Owner: postgres
--

ALTER TABLE ONLY public.auth_user
    ADD CONSTRAINT auth_user_username_key UNIQUE (username);


--
-- TOC entry 3442 (class 2606 OID 16814)
-- Name: django_admin_log django_admin_log_pkey; Type: CONSTRAINT; Schema: public; Owner: postgres
--

ALTER TABLE ONLY public.django_admin_log
    ADD CONSTRAINT django_admin_log_pkey PRIMARY KEY (id);


--
-- TOC entry 3445 (class 2606 OID 16816)
-- Name: django_content_type django_content_type_app_label_model_76bd3d3b_uniq; Type: CONSTRAINT; Schema: public; Owner: postgres
--

ALTER TABLE ONLY public.django_content_type
    ADD CONSTRAINT django_content_type_app_label_model_76bd3d3b_uniq UNIQUE (app_label, model);


--
-- TOC entry 3447 (class 2606 OID 16818)
-- Name: django_content_type django_content_type_pkey; Type: CONSTRAINT; Schema: public; Owner: postgres
--

ALTER TABLE ONLY public.django_content_type
    ADD CONSTRAINT django_content_type_pkey PRIMARY KEY (id);


--
-- TOC entry 3449 (class 2606 OID 16820)
-- Name: django_migrations django_migrations_pkey; Type: CONSTRAINT; Schema: public; Owner: postgres
--

ALTER TABLE ONLY public.django_migrations
    ADD CONSTRAINT django_migrations_pkey PRIMARY KEY (id);


--
-- TOC entry 3452 (class 2606 OID 16822)
-- Name: django_session django_session_pkey; Type: CONSTRAINT; Schema: public; Owner: postgres
--

ALTER TABLE ONLY public.django_session
    ADD CONSTRAINT django_session_pkey PRIMARY KEY (session_key);


--
-- TOC entry 3355 (class 1259 OID 16823)
-- Name: app_coordinadores_asignatu_id_asignatura_id_3d06ecd0; Type: INDEX; Schema: public; Owner: postgres
--

CREATE INDEX app_coordinadores_asignatu_id_asignatura_id_3d06ecd0 ON public.app_coordinadores_asignaturas_planestudio USING btree (id_asignatura_id);


--
-- TOC entry 3356 (class 1259 OID 16824)
-- Name: app_coordinadores_asignatu_id_planEstudio_id_1317c008; Type: INDEX; Schema: public; Owner: postgres
--

CREATE INDEX "app_coordinadores_asignatu_id_planEstudio_id_1317c008" ON public.app_coordinadores_asignaturas_planestudio USING btree ("id_planEstudio_id");


--
-- TOC entry 3352 (class 1259 OID 16825)
-- Name: app_coordinadores_asignatura_id_tipoAsignatura_id_947eed4c; Type: INDEX; Schema: public; Owner: postgres
--

CREATE INDEX "app_coordinadores_asignatura_id_tipoAsignatura_id_947eed4c" ON public.app_coordinadores_asignatura USING btree ("id_tipoAsignatura_id");


--
-- TOC entry 3359 (class 1259 OID 16826)
-- Name: app_coordinadores_calificacion_id_evaluacion_id_2a0b6710; Type: INDEX; Schema: public; Owner: postgres
--

CREATE INDEX app_coordinadores_calificacion_id_evaluacion_id_2a0b6710 ON public.app_coordinadores_calificacion USING btree (id_evaluacion_id);


--
-- TOC entry 3362 (class 1259 OID 16827)
-- Name: app_coordinadores_cambio_fecha_id_evaluacion_id_994801d4; Type: INDEX; Schema: public; Owner: postgres
--

CREATE INDEX app_coordinadores_cambio_fecha_id_evaluacion_id_994801d4 ON public.app_coordinadores_cambio_fecha USING btree (id_evaluacion_id);


--
-- TOC entry 3365 (class 1259 OID 16828)
-- Name: app_coordinadores_cambio_nota_id_calificacion_id_72bcc1c2; Type: INDEX; Schema: public; Owner: postgres
--

CREATE INDEX app_coordinadores_cambio_nota_id_calificacion_id_72bcc1c2 ON public.app_coordinadores_cambio_nota USING btree (id_calificacion_id);


--
-- TOC entry 3368 (class 1259 OID 16829)
-- Name: app_coordinadores_cambio_ponderacion_id_evaluacion_id_5a2def17; Type: INDEX; Schema: public; Owner: postgres
--

CREATE INDEX app_coordinadores_cambio_ponderacion_id_evaluacion_id_5a2def17 ON public.app_coordinadores_cambio_ponderacion USING btree (id_evaluacion_id);


--
-- TOC entry 3371 (class 1259 OID 16830)
-- Name: app_coordinadores_carrera_id_departamento_id_95349d6c; Type: INDEX; Schema: public; Owner: postgres
--

CREATE INDEX app_coordinadores_carrera_id_departamento_id_95349d6c ON public.app_coordinadores_carrera USING btree (id_departamento_id);


--
-- TOC entry 3380 (class 1259 OID 16831)
-- Name: app_coordinadores_coordina_id_asignatura_id_6c9e6d69; Type: INDEX; Schema: public; Owner: postgres
--

CREATE INDEX app_coordinadores_coordina_id_asignatura_id_6c9e6d69 ON public.app_coordinadores_coordinacion_seccion USING btree (id_asignatura_id);


--
-- TOC entry 3374 (class 1259 OID 16832)
-- Name: app_coordinadores_coordina_id_coordinacion_id_c99c78e7; Type: INDEX; Schema: public; Owner: postgres
--

CREATE INDEX app_coordinadores_coordina_id_coordinacion_id_c99c78e7 ON public.app_coordinadores_coordinacion_docente USING btree (id_coordinacion_id);


--
-- TOC entry 3377 (class 1259 OID 16833)
-- Name: app_coordinadores_coordina_id_coordinacion_id_f7641729; Type: INDEX; Schema: public; Owner: postgres
--

CREATE INDEX app_coordinadores_coordina_id_coordinacion_id_f7641729 ON public.app_coordinadores_coordinacion_estudiante USING btree (id_coordinacion_id);


--
-- TOC entry 3381 (class 1259 OID 16834)
-- Name: app_coordinadores_coordinacion_seccion_id_semetre_id_5eb30338; Type: INDEX; Schema: public; Owner: postgres
--

CREATE INDEX app_coordinadores_coordinacion_seccion_id_semetre_id_5eb30338 ON public.app_coordinadores_coordinacion_seccion USING btree (id_semetre_id);


--
-- TOC entry 3386 (class 1259 OID 16835)
-- Name: app_coordinadores_departamento_id_facultad_id_b5b40b40; Type: INDEX; Schema: public; Owner: postgres
--

CREATE INDEX app_coordinadores_departamento_id_facultad_id_b5b40b40 ON public.app_coordinadores_departamento USING btree (id_facultad_id);


--
-- TOC entry 3389 (class 1259 OID 16836)
-- Name: app_coordinadores_estadistica_curso_id_coordinacion_id_d7786b38; Type: INDEX; Schema: public; Owner: postgres
--

CREATE INDEX app_coordinadores_estadistica_curso_id_coordinacion_id_d7786b38 ON public.app_coordinadores_estadistica_curso USING btree (id_coordinacion_id);


--
-- TOC entry 3392 (class 1259 OID 16837)
-- Name: app_coordinadores_evaluacion_id_coordinacion_id_c958756e; Type: INDEX; Schema: public; Owner: postgres
--

CREATE INDEX app_coordinadores_evaluacion_id_coordinacion_id_c958756e ON public.app_coordinadores_evaluacion USING btree (id_coordinacion_id);


--
-- TOC entry 3393 (class 1259 OID 16838)
-- Name: app_coordinadores_evaluacion_id_tipoEvaluacion_id_6059a936; Type: INDEX; Schema: public; Owner: postgres
--

CREATE INDEX "app_coordinadores_evaluacion_id_tipoEvaluacion_id_6059a936" ON public.app_coordinadores_evaluacion USING btree ("id_tipoEvaluacion_id");


--
-- TOC entry 3398 (class 1259 OID 16839)
-- Name: app_coordinadores_plan_estudio_id_carrera_id_18a63130; Type: INDEX; Schema: public; Owner: postgres
--

CREATE INDEX app_coordinadores_plan_estudio_id_carrera_id_18a63130 ON public.app_coordinadores_plan_estudio USING btree (id_carrera_id);


--
-- TOC entry 3407 (class 1259 OID 16840)
-- Name: auth_group_name_a6ea08ec_like; Type: INDEX; Schema: public; Owner: postgres
--

CREATE INDEX auth_group_name_a6ea08ec_like ON public.auth_group USING btree (name varchar_pattern_ops);


--
-- TOC entry 3412 (class 1259 OID 16841)
-- Name: auth_group_permissions_group_id_b120cbf9; Type: INDEX; Schema: public; Owner: postgres
--

CREATE INDEX auth_group_permissions_group_id_b120cbf9 ON public.auth_group_permissions USING btree (group_id);


--
-- TOC entry 3415 (class 1259 OID 16842)
-- Name: auth_group_permissions_permission_id_84c5c92e; Type: INDEX; Schema: public; Owner: postgres
--

CREATE INDEX auth_group_permissions_permission_id_84c5c92e ON public.auth_group_permissions USING btree (permission_id);


--
-- TOC entry 3418 (class 1259 OID 16843)
-- Name: auth_permission_content_type_id_2f476e4b; Type: INDEX; Schema: public; Owner: postgres
--

CREATE INDEX auth_permission_content_type_id_2f476e4b ON public.auth_permission USING btree (content_type_id);


--
-- TOC entry 3428 (class 1259 OID 16844)
-- Name: auth_user_groups_group_id_97559544; Type: INDEX; Schema: public; Owner: postgres
--

CREATE INDEX auth_user_groups_group_id_97559544 ON public.auth_user_groups USING btree (group_id);


--
-- TOC entry 3431 (class 1259 OID 16845)
-- Name: auth_user_groups_user_id_6a12ed8b; Type: INDEX; Schema: public; Owner: postgres
--

CREATE INDEX auth_user_groups_user_id_6a12ed8b ON public.auth_user_groups USING btree (user_id);


--
-- TOC entry 3434 (class 1259 OID 16846)
-- Name: auth_user_user_permissions_permission_id_1fbb5f2c; Type: INDEX; Schema: public; Owner: postgres
--

CREATE INDEX auth_user_user_permissions_permission_id_1fbb5f2c ON public.auth_user_user_permissions USING btree (permission_id);


--
-- TOC entry 3437 (class 1259 OID 16847)
-- Name: auth_user_user_permissions_user_id_a95ead1b; Type: INDEX; Schema: public; Owner: postgres
--

CREATE INDEX auth_user_user_permissions_user_id_a95ead1b ON public.auth_user_user_permissions USING btree (user_id);


--
-- TOC entry 3425 (class 1259 OID 16848)
-- Name: auth_user_username_6821ab7c_like; Type: INDEX; Schema: public; Owner: postgres
--

CREATE INDEX auth_user_username_6821ab7c_like ON public.auth_user USING btree (username varchar_pattern_ops);


--
-- TOC entry 3440 (class 1259 OID 16849)
-- Name: django_admin_log_content_type_id_c4bce8eb; Type: INDEX; Schema: public; Owner: postgres
--

CREATE INDEX django_admin_log_content_type_id_c4bce8eb ON public.django_admin_log USING btree (content_type_id);


--
-- TOC entry 3443 (class 1259 OID 16850)
-- Name: django_admin_log_user_id_c564eba6; Type: INDEX; Schema: public; Owner: postgres
--

CREATE INDEX django_admin_log_user_id_c564eba6 ON public.django_admin_log USING btree (user_id);


--
-- TOC entry 3450 (class 1259 OID 16851)
-- Name: django_session_expire_date_a5c62663; Type: INDEX; Schema: public; Owner: postgres
--

CREATE INDEX django_session_expire_date_a5c62663 ON public.django_session USING btree (expire_date);


--
-- TOC entry 3453 (class 1259 OID 16852)
-- Name: django_session_session_key_c0390e0f_like; Type: INDEX; Schema: public; Owner: postgres
--

CREATE INDEX django_session_session_key_c0390e0f_like ON public.django_session USING btree (session_key varchar_pattern_ops);


--
-- TOC entry 3455 (class 2606 OID 16853)
-- Name: app_coordinadores_asignaturas_planestudio app_coordinadores_as_id_asignatura_id_3d06ecd0_fk_app_coord; Type: FK CONSTRAINT; Schema: public; Owner: postgres
--

ALTER TABLE ONLY public.app_coordinadores_asignaturas_planestudio
    ADD CONSTRAINT app_coordinadores_as_id_asignatura_id_3d06ecd0_fk_app_coord FOREIGN KEY (id_asignatura_id) REFERENCES public.app_coordinadores_asignatura(id) DEFERRABLE INITIALLY DEFERRED;


--
-- TOC entry 3456 (class 2606 OID 16858)
-- Name: app_coordinadores_asignaturas_planestudio app_coordinadores_as_id_planEstudio_id_1317c008_fk_app_coord; Type: FK CONSTRAINT; Schema: public; Owner: postgres
--

ALTER TABLE ONLY public.app_coordinadores_asignaturas_planestudio
    ADD CONSTRAINT "app_coordinadores_as_id_planEstudio_id_1317c008_fk_app_coord" FOREIGN KEY ("id_planEstudio_id") REFERENCES public.app_coordinadores_plan_estudio(id) DEFERRABLE INITIALLY DEFERRED;


--
-- TOC entry 3454 (class 2606 OID 16863)
-- Name: app_coordinadores_asignatura app_coordinadores_as_id_tipoAsignatura_id_947eed4c_fk_app_coord; Type: FK CONSTRAINT; Schema: public; Owner: postgres
--

ALTER TABLE ONLY public.app_coordinadores_asignatura
    ADD CONSTRAINT "app_coordinadores_as_id_tipoAsignatura_id_947eed4c_fk_app_coord" FOREIGN KEY ("id_tipoAsignatura_id") REFERENCES public.app_coordinadores_tipo_asignatura(id) DEFERRABLE INITIALLY DEFERRED;


--
-- TOC entry 3459 (class 2606 OID 16868)
-- Name: app_coordinadores_cambio_nota app_coordinadores_ca_id_calificacion_id_72bcc1c2_fk_app_coord; Type: FK CONSTRAINT; Schema: public; Owner: postgres
--

ALTER TABLE ONLY public.app_coordinadores_cambio_nota
    ADD CONSTRAINT app_coordinadores_ca_id_calificacion_id_72bcc1c2_fk_app_coord FOREIGN KEY (id_calificacion_id) REFERENCES public.app_coordinadores_calificacion(id) DEFERRABLE INITIALLY DEFERRED;


--
-- TOC entry 3461 (class 2606 OID 16873)
-- Name: app_coordinadores_carrera app_coordinadores_ca_id_departamento_id_95349d6c_fk_app_coord; Type: FK CONSTRAINT; Schema: public; Owner: postgres
--

ALTER TABLE ONLY public.app_coordinadores_carrera
    ADD CONSTRAINT app_coordinadores_ca_id_departamento_id_95349d6c_fk_app_coord FOREIGN KEY (id_departamento_id) REFERENCES public.app_coordinadores_departamento(id) DEFERRABLE INITIALLY DEFERRED;


--
-- TOC entry 3457 (class 2606 OID 16878)
-- Name: app_coordinadores_calificacion app_coordinadores_ca_id_evaluacion_id_2a0b6710_fk_app_coord; Type: FK CONSTRAINT; Schema: public; Owner: postgres
--

ALTER TABLE ONLY public.app_coordinadores_calificacion
    ADD CONSTRAINT app_coordinadores_ca_id_evaluacion_id_2a0b6710_fk_app_coord FOREIGN KEY (id_evaluacion_id) REFERENCES public.app_coordinadores_evaluacion(id) DEFERRABLE INITIALLY DEFERRED;


--
-- TOC entry 3460 (class 2606 OID 16883)
-- Name: app_coordinadores_cambio_ponderacion app_coordinadores_ca_id_evaluacion_id_5a2def17_fk_app_coord; Type: FK CONSTRAINT; Schema: public; Owner: postgres
--

ALTER TABLE ONLY public.app_coordinadores_cambio_ponderacion
    ADD CONSTRAINT app_coordinadores_ca_id_evaluacion_id_5a2def17_fk_app_coord FOREIGN KEY (id_evaluacion_id) REFERENCES public.app_coordinadores_evaluacion(id) DEFERRABLE INITIALLY DEFERRED;


--
-- TOC entry 3458 (class 2606 OID 16888)
-- Name: app_coordinadores_cambio_fecha app_coordinadores_ca_id_evaluacion_id_994801d4_fk_app_coord; Type: FK CONSTRAINT; Schema: public; Owner: postgres
--

ALTER TABLE ONLY public.app_coordinadores_cambio_fecha
    ADD CONSTRAINT app_coordinadores_ca_id_evaluacion_id_994801d4_fk_app_coord FOREIGN KEY (id_evaluacion_id) REFERENCES public.app_coordinadores_evaluacion(id) DEFERRABLE INITIALLY DEFERRED;


--
-- TOC entry 3464 (class 2606 OID 16893)
-- Name: app_coordinadores_coordinacion_seccion app_coordinadores_co_id_asignatura_id_6c9e6d69_fk_app_coord; Type: FK CONSTRAINT; Schema: public; Owner: postgres
--

ALTER TABLE ONLY public.app_coordinadores_coordinacion_seccion
    ADD CONSTRAINT app_coordinadores_co_id_asignatura_id_6c9e6d69_fk_app_coord FOREIGN KEY (id_asignatura_id) REFERENCES public.app_coordinadores_asignatura(id) DEFERRABLE INITIALLY DEFERRED;


--
-- TOC entry 3462 (class 2606 OID 16898)
-- Name: app_coordinadores_coordinacion_docente app_coordinadores_co_id_coordinacion_id_c99c78e7_fk_app_coord; Type: FK CONSTRAINT; Schema: public; Owner: postgres
--

ALTER TABLE ONLY public.app_coordinadores_coordinacion_docente
    ADD CONSTRAINT app_coordinadores_co_id_coordinacion_id_c99c78e7_fk_app_coord FOREIGN KEY (id_coordinacion_id) REFERENCES public.app_coordinadores_coordinacion_seccion(id) DEFERRABLE INITIALLY DEFERRED;


--
-- TOC entry 3463 (class 2606 OID 16903)
-- Name: app_coordinadores_coordinacion_estudiante app_coordinadores_co_id_coordinacion_id_f7641729_fk_app_coord; Type: FK CONSTRAINT; Schema: public; Owner: postgres
--

ALTER TABLE ONLY public.app_coordinadores_coordinacion_estudiante
    ADD CONSTRAINT app_coordinadores_co_id_coordinacion_id_f7641729_fk_app_coord FOREIGN KEY (id_coordinacion_id) REFERENCES public.app_coordinadores_coordinacion_seccion(id) DEFERRABLE INITIALLY DEFERRED;


--
-- TOC entry 3465 (class 2606 OID 16908)
-- Name: app_coordinadores_coordinacion_seccion app_coordinadores_co_id_semetre_id_5eb30338_fk_app_coord; Type: FK CONSTRAINT; Schema: public; Owner: postgres
--

ALTER TABLE ONLY public.app_coordinadores_coordinacion_seccion
    ADD CONSTRAINT app_coordinadores_co_id_semetre_id_5eb30338_fk_app_coord FOREIGN KEY (id_semetre_id) REFERENCES public.app_coordinadores_semestre(id) DEFERRABLE INITIALLY DEFERRED;


--
-- TOC entry 3466 (class 2606 OID 16913)
-- Name: app_coordinadores_departamento app_coordinadores_de_id_facultad_id_b5b40b40_fk_app_coord; Type: FK CONSTRAINT; Schema: public; Owner: postgres
--

ALTER TABLE ONLY public.app_coordinadores_departamento
    ADD CONSTRAINT app_coordinadores_de_id_facultad_id_b5b40b40_fk_app_coord FOREIGN KEY (id_facultad_id) REFERENCES public.app_coordinadores_facultad(id) DEFERRABLE INITIALLY DEFERRED;


--
-- TOC entry 3467 (class 2606 OID 16918)
-- Name: app_coordinadores_estadistica_curso app_coordinadores_es_id_coordinacion_id_d7786b38_fk_app_coord; Type: FK CONSTRAINT; Schema: public; Owner: postgres
--

ALTER TABLE ONLY public.app_coordinadores_estadistica_curso
    ADD CONSTRAINT app_coordinadores_es_id_coordinacion_id_d7786b38_fk_app_coord FOREIGN KEY (id_coordinacion_id) REFERENCES public.app_coordinadores_coordinacion_seccion(id) DEFERRABLE INITIALLY DEFERRED;


--
-- TOC entry 3468 (class 2606 OID 16923)
-- Name: app_coordinadores_evaluacion app_coordinadores_ev_id_coordinacion_id_c958756e_fk_app_coord; Type: FK CONSTRAINT; Schema: public; Owner: postgres
--

ALTER TABLE ONLY public.app_coordinadores_evaluacion
    ADD CONSTRAINT app_coordinadores_ev_id_coordinacion_id_c958756e_fk_app_coord FOREIGN KEY (id_coordinacion_id) REFERENCES public.app_coordinadores_coordinacion_seccion(id) DEFERRABLE INITIALLY DEFERRED;


--
-- TOC entry 3469 (class 2606 OID 16928)
-- Name: app_coordinadores_evaluacion app_coordinadores_ev_id_tipoEvaluacion_id_6059a936_fk_app_coord; Type: FK CONSTRAINT; Schema: public; Owner: postgres
--

ALTER TABLE ONLY public.app_coordinadores_evaluacion
    ADD CONSTRAINT "app_coordinadores_ev_id_tipoEvaluacion_id_6059a936_fk_app_coord" FOREIGN KEY ("id_tipoEvaluacion_id") REFERENCES public.app_coordinadores_tipo_evaluacion(id) DEFERRABLE INITIALLY DEFERRED;


--
-- TOC entry 3470 (class 2606 OID 16933)
-- Name: app_coordinadores_plan_estudio app_coordinadores_pl_id_carrera_id_18a63130_fk_app_coord; Type: FK CONSTRAINT; Schema: public; Owner: postgres
--

ALTER TABLE ONLY public.app_coordinadores_plan_estudio
    ADD CONSTRAINT app_coordinadores_pl_id_carrera_id_18a63130_fk_app_coord FOREIGN KEY (id_carrera_id) REFERENCES public.app_coordinadores_carrera(id) DEFERRABLE INITIALLY DEFERRED;


--
-- TOC entry 3471 (class 2606 OID 16938)
-- Name: auth_group_permissions auth_group_permissio_permission_id_84c5c92e_fk_auth_perm; Type: FK CONSTRAINT; Schema: public; Owner: postgres
--

ALTER TABLE ONLY public.auth_group_permissions
    ADD CONSTRAINT auth_group_permissio_permission_id_84c5c92e_fk_auth_perm FOREIGN KEY (permission_id) REFERENCES public.auth_permission(id) DEFERRABLE INITIALLY DEFERRED;


--
-- TOC entry 3472 (class 2606 OID 16943)
-- Name: auth_group_permissions auth_group_permissions_group_id_b120cbf9_fk_auth_group_id; Type: FK CONSTRAINT; Schema: public; Owner: postgres
--

ALTER TABLE ONLY public.auth_group_permissions
    ADD CONSTRAINT auth_group_permissions_group_id_b120cbf9_fk_auth_group_id FOREIGN KEY (group_id) REFERENCES public.auth_group(id) DEFERRABLE INITIALLY DEFERRED;


--
-- TOC entry 3473 (class 2606 OID 16948)
-- Name: auth_permission auth_permission_content_type_id_2f476e4b_fk_django_co; Type: FK CONSTRAINT; Schema: public; Owner: postgres
--

ALTER TABLE ONLY public.auth_permission
    ADD CONSTRAINT auth_permission_content_type_id_2f476e4b_fk_django_co FOREIGN KEY (content_type_id) REFERENCES public.django_content_type(id) DEFERRABLE INITIALLY DEFERRED;


--
-- TOC entry 3474 (class 2606 OID 16953)
-- Name: auth_user_groups auth_user_groups_group_id_97559544_fk_auth_group_id; Type: FK CONSTRAINT; Schema: public; Owner: postgres
--

ALTER TABLE ONLY public.auth_user_groups
    ADD CONSTRAINT auth_user_groups_group_id_97559544_fk_auth_group_id FOREIGN KEY (group_id) REFERENCES public.auth_group(id) DEFERRABLE INITIALLY DEFERRED;


--
-- TOC entry 3475 (class 2606 OID 16958)
-- Name: auth_user_groups auth_user_groups_user_id_6a12ed8b_fk_auth_user_id; Type: FK CONSTRAINT; Schema: public; Owner: postgres
--

ALTER TABLE ONLY public.auth_user_groups
    ADD CONSTRAINT auth_user_groups_user_id_6a12ed8b_fk_auth_user_id FOREIGN KEY (user_id) REFERENCES public.auth_user(id) DEFERRABLE INITIALLY DEFERRED;


--
-- TOC entry 3476 (class 2606 OID 16963)
-- Name: auth_user_user_permissions auth_user_user_permi_permission_id_1fbb5f2c_fk_auth_perm; Type: FK CONSTRAINT; Schema: public; Owner: postgres
--

ALTER TABLE ONLY public.auth_user_user_permissions
    ADD CONSTRAINT auth_user_user_permi_permission_id_1fbb5f2c_fk_auth_perm FOREIGN KEY (permission_id) REFERENCES public.auth_permission(id) DEFERRABLE INITIALLY DEFERRED;


--
-- TOC entry 3477 (class 2606 OID 16968)
-- Name: auth_user_user_permissions auth_user_user_permissions_user_id_a95ead1b_fk_auth_user_id; Type: FK CONSTRAINT; Schema: public; Owner: postgres
--

ALTER TABLE ONLY public.auth_user_user_permissions
    ADD CONSTRAINT auth_user_user_permissions_user_id_a95ead1b_fk_auth_user_id FOREIGN KEY (user_id) REFERENCES public.auth_user(id) DEFERRABLE INITIALLY DEFERRED;


--
-- TOC entry 3478 (class 2606 OID 16973)
-- Name: django_admin_log django_admin_log_content_type_id_c4bce8eb_fk_django_co; Type: FK CONSTRAINT; Schema: public; Owner: postgres
--

ALTER TABLE ONLY public.django_admin_log
    ADD CONSTRAINT django_admin_log_content_type_id_c4bce8eb_fk_django_co FOREIGN KEY (content_type_id) REFERENCES public.django_content_type(id) DEFERRABLE INITIALLY DEFERRED;


--
-- TOC entry 3479 (class 2606 OID 16978)
-- Name: django_admin_log django_admin_log_user_id_c564eba6_fk_auth_user_id; Type: FK CONSTRAINT; Schema: public; Owner: postgres
--

ALTER TABLE ONLY public.django_admin_log
    ADD CONSTRAINT django_admin_log_user_id_c564eba6_fk_auth_user_id FOREIGN KEY (user_id) REFERENCES public.auth_user(id) DEFERRABLE INITIALLY DEFERRED;


-- Completed on 2023-12-13 01:04:11 UTC

--
-- PostgreSQL database dump complete
--

