--
-- PostgreSQL database dump
--

-- Dumped from database version 15.1
-- Dumped by pg_dump version 16.0

-- Started on 2023-11-30 11:49:56

SET statement_timeout = 0;
SET lock_timeout = 0;
SET idle_in_transaction_session_timeout = 0;
SET client_encoding = 'UTF8';
SET standard_conforming_strings = on;
SELECT pg_catalog.set_config('search_path', '', false);
SET check_function_bodies = false;
SET xmloption = content;
SET client_min_messages = warning;
SET row_security = off;

SET default_tablespace = '';

SET default_table_access_method = heap;

--
-- TOC entry 237 (class 1259 OID 31803)
-- Name: app_admin_jefe_carrera; Type: TABLE; Schema: public; Owner: postgres
--

CREATE TABLE public.app_admin_jefe_carrera (
    id bigint NOT NULL,
    rut integer,
    dig_verificador character varying(1),
    id_usuario integer,
    CONSTRAINT app_admin_jefe_carrera_id_usuario_da9443b1_check CHECK ((id_usuario >= 0)),
    CONSTRAINT app_admin_jefe_carrera_rut_check CHECK ((rut >= 0))
);


ALTER TABLE public.app_admin_jefe_carrera OWNER TO postgres;

--
-- TOC entry 236 (class 1259 OID 31802)
-- Name: app_admin_jefe_carrera_id_seq; Type: SEQUENCE; Schema: public; Owner: postgres
--

ALTER TABLE public.app_admin_jefe_carrera ALTER COLUMN id ADD GENERATED BY DEFAULT AS IDENTITY (
    SEQUENCE NAME public.app_admin_jefe_carrera_id_seq
    START WITH 1
    INCREMENT BY 1
    NO MINVALUE
    NO MAXVALUE
    CACHE 1
);


--
-- TOC entry 235 (class 1259 OID 31780)
-- Name: app_admin_subdirector_docente; Type: TABLE; Schema: public; Owner: postgres
--

CREATE TABLE public.app_admin_subdirector_docente (
    id bigint NOT NULL,
    rut integer,
    dig_verificador character varying(1),
    id_usuario integer,
    CONSTRAINT app_admin_subdirector_docente_id_usuario_628b226c_check CHECK ((id_usuario >= 0)),
    CONSTRAINT app_admin_subdirector_docente_rut_check CHECK ((rut >= 0))
);


ALTER TABLE public.app_admin_subdirector_docente OWNER TO postgres;

--
-- TOC entry 234 (class 1259 OID 31779)
-- Name: app_admin_subdirector_docente_id_seq; Type: SEQUENCE; Schema: public; Owner: postgres
--

ALTER TABLE public.app_admin_subdirector_docente ALTER COLUMN id ADD GENERATED BY DEFAULT AS IDENTITY (
    SEQUENCE NAME public.app_admin_subdirector_docente_id_seq
    START WITH 1
    INCREMENT BY 1
    NO MINVALUE
    NO MAXVALUE
    CACHE 1
);


--
-- TOC entry 233 (class 1259 OID 31773)
-- Name: app_admin_vicedecano_docencia; Type: TABLE; Schema: public; Owner: postgres
--

CREATE TABLE public.app_admin_vicedecano_docencia (
    id bigint NOT NULL,
    rut integer,
    dig_verificador character varying(1),
    id_usuario integer,
    CONSTRAINT app_admin_vicedecano_docencia_id_usuario_62e4edc5_check CHECK ((id_usuario >= 0)),
    CONSTRAINT app_admin_vicedecano_docencia_rut_check CHECK ((rut >= 0))
);


ALTER TABLE public.app_admin_vicedecano_docencia OWNER TO postgres;

--
-- TOC entry 232 (class 1259 OID 31772)
-- Name: app_admin_vicedecano_docencia_id_seq; Type: SEQUENCE; Schema: public; Owner: postgres
--

ALTER TABLE public.app_admin_vicedecano_docencia ALTER COLUMN id ADD GENERATED BY DEFAULT AS IDENTITY (
    SEQUENCE NAME public.app_admin_vicedecano_docencia_id_seq
    START WITH 1
    INCREMENT BY 1
    NO MINVALUE
    NO MAXVALUE
    CACHE 1
);


--
-- TOC entry 221 (class 1259 OID 31600)
-- Name: auth_group; Type: TABLE; Schema: public; Owner: postgres
--

CREATE TABLE public.auth_group (
    id integer NOT NULL,
    name character varying(150) NOT NULL
);


ALTER TABLE public.auth_group OWNER TO postgres;

--
-- TOC entry 220 (class 1259 OID 31599)
-- Name: auth_group_id_seq; Type: SEQUENCE; Schema: public; Owner: postgres
--

ALTER TABLE public.auth_group ALTER COLUMN id ADD GENERATED BY DEFAULT AS IDENTITY (
    SEQUENCE NAME public.auth_group_id_seq
    START WITH 1
    INCREMENT BY 1
    NO MINVALUE
    NO MAXVALUE
    CACHE 1
);


--
-- TOC entry 223 (class 1259 OID 31608)
-- Name: auth_group_permissions; Type: TABLE; Schema: public; Owner: postgres
--

CREATE TABLE public.auth_group_permissions (
    id bigint NOT NULL,
    group_id integer NOT NULL,
    permission_id integer NOT NULL
);


ALTER TABLE public.auth_group_permissions OWNER TO postgres;

--
-- TOC entry 222 (class 1259 OID 31607)
-- Name: auth_group_permissions_id_seq; Type: SEQUENCE; Schema: public; Owner: postgres
--

ALTER TABLE public.auth_group_permissions ALTER COLUMN id ADD GENERATED BY DEFAULT AS IDENTITY (
    SEQUENCE NAME public.auth_group_permissions_id_seq
    START WITH 1
    INCREMENT BY 1
    NO MINVALUE
    NO MAXVALUE
    CACHE 1
);


--
-- TOC entry 219 (class 1259 OID 31594)
-- Name: auth_permission; Type: TABLE; Schema: public; Owner: postgres
--

CREATE TABLE public.auth_permission (
    id integer NOT NULL,
    name character varying(255) NOT NULL,
    content_type_id integer NOT NULL,
    codename character varying(100) NOT NULL
);


ALTER TABLE public.auth_permission OWNER TO postgres;

--
-- TOC entry 218 (class 1259 OID 31593)
-- Name: auth_permission_id_seq; Type: SEQUENCE; Schema: public; Owner: postgres
--

ALTER TABLE public.auth_permission ALTER COLUMN id ADD GENERATED BY DEFAULT AS IDENTITY (
    SEQUENCE NAME public.auth_permission_id_seq
    START WITH 1
    INCREMENT BY 1
    NO MINVALUE
    NO MAXVALUE
    CACHE 1
);


--
-- TOC entry 225 (class 1259 OID 31614)
-- Name: auth_user; Type: TABLE; Schema: public; Owner: postgres
--

CREATE TABLE public.auth_user (
    id integer NOT NULL,
    password character varying(128) NOT NULL,
    last_login timestamp with time zone,
    is_superuser boolean NOT NULL,
    username character varying(150) NOT NULL,
    first_name character varying(150) NOT NULL,
    last_name character varying(150) NOT NULL,
    email character varying(254) NOT NULL,
    is_staff boolean NOT NULL,
    is_active boolean NOT NULL,
    date_joined timestamp with time zone NOT NULL
);


ALTER TABLE public.auth_user OWNER TO postgres;

--
-- TOC entry 227 (class 1259 OID 31622)
-- Name: auth_user_groups; Type: TABLE; Schema: public; Owner: postgres
--

CREATE TABLE public.auth_user_groups (
    id bigint NOT NULL,
    user_id integer NOT NULL,
    group_id integer NOT NULL
);


ALTER TABLE public.auth_user_groups OWNER TO postgres;

--
-- TOC entry 226 (class 1259 OID 31621)
-- Name: auth_user_groups_id_seq; Type: SEQUENCE; Schema: public; Owner: postgres
--

ALTER TABLE public.auth_user_groups ALTER COLUMN id ADD GENERATED BY DEFAULT AS IDENTITY (
    SEQUENCE NAME public.auth_user_groups_id_seq
    START WITH 1
    INCREMENT BY 1
    NO MINVALUE
    NO MAXVALUE
    CACHE 1
);


--
-- TOC entry 224 (class 1259 OID 31613)
-- Name: auth_user_id_seq; Type: SEQUENCE; Schema: public; Owner: postgres
--

ALTER TABLE public.auth_user ALTER COLUMN id ADD GENERATED BY DEFAULT AS IDENTITY (
    SEQUENCE NAME public.auth_user_id_seq
    START WITH 1
    INCREMENT BY 1
    NO MINVALUE
    NO MAXVALUE
    CACHE 1
);


--
-- TOC entry 229 (class 1259 OID 31628)
-- Name: auth_user_user_permissions; Type: TABLE; Schema: public; Owner: postgres
--

CREATE TABLE public.auth_user_user_permissions (
    id bigint NOT NULL,
    user_id integer NOT NULL,
    permission_id integer NOT NULL
);


ALTER TABLE public.auth_user_user_permissions OWNER TO postgres;

--
-- TOC entry 228 (class 1259 OID 31627)
-- Name: auth_user_user_permissions_id_seq; Type: SEQUENCE; Schema: public; Owner: postgres
--

ALTER TABLE public.auth_user_user_permissions ALTER COLUMN id ADD GENERATED BY DEFAULT AS IDENTITY (
    SEQUENCE NAME public.auth_user_user_permissions_id_seq
    START WITH 1
    INCREMENT BY 1
    NO MINVALUE
    NO MAXVALUE
    CACHE 1
);


--
-- TOC entry 231 (class 1259 OID 31686)
-- Name: django_admin_log; Type: TABLE; Schema: public; Owner: postgres
--

CREATE TABLE public.django_admin_log (
    id integer NOT NULL,
    action_time timestamp with time zone NOT NULL,
    object_id text,
    object_repr character varying(200) NOT NULL,
    action_flag smallint NOT NULL,
    change_message text NOT NULL,
    content_type_id integer,
    user_id integer NOT NULL,
    CONSTRAINT django_admin_log_action_flag_check CHECK ((action_flag >= 0))
);


ALTER TABLE public.django_admin_log OWNER TO postgres;

--
-- TOC entry 230 (class 1259 OID 31685)
-- Name: django_admin_log_id_seq; Type: SEQUENCE; Schema: public; Owner: postgres
--

ALTER TABLE public.django_admin_log ALTER COLUMN id ADD GENERATED BY DEFAULT AS IDENTITY (
    SEQUENCE NAME public.django_admin_log_id_seq
    START WITH 1
    INCREMENT BY 1
    NO MINVALUE
    NO MAXVALUE
    CACHE 1
);


--
-- TOC entry 217 (class 1259 OID 31586)
-- Name: django_content_type; Type: TABLE; Schema: public; Owner: postgres
--

CREATE TABLE public.django_content_type (
    id integer NOT NULL,
    app_label character varying(100) NOT NULL,
    model character varying(100) NOT NULL
);


ALTER TABLE public.django_content_type OWNER TO postgres;

--
-- TOC entry 216 (class 1259 OID 31585)
-- Name: django_content_type_id_seq; Type: SEQUENCE; Schema: public; Owner: postgres
--

ALTER TABLE public.django_content_type ALTER COLUMN id ADD GENERATED BY DEFAULT AS IDENTITY (
    SEQUENCE NAME public.django_content_type_id_seq
    START WITH 1
    INCREMENT BY 1
    NO MINVALUE
    NO MAXVALUE
    CACHE 1
);


--
-- TOC entry 215 (class 1259 OID 31578)
-- Name: django_migrations; Type: TABLE; Schema: public; Owner: postgres
--

CREATE TABLE public.django_migrations (
    id bigint NOT NULL,
    app character varying(255) NOT NULL,
    name character varying(255) NOT NULL,
    applied timestamp with time zone NOT NULL
);


ALTER TABLE public.django_migrations OWNER TO postgres;

--
-- TOC entry 214 (class 1259 OID 31577)
-- Name: django_migrations_id_seq; Type: SEQUENCE; Schema: public; Owner: postgres
--

ALTER TABLE public.django_migrations ALTER COLUMN id ADD GENERATED BY DEFAULT AS IDENTITY (
    SEQUENCE NAME public.django_migrations_id_seq
    START WITH 1
    INCREMENT BY 1
    NO MINVALUE
    NO MAXVALUE
    CACHE 1
);


--
-- TOC entry 238 (class 1259 OID 32016)
-- Name: django_session; Type: TABLE; Schema: public; Owner: postgres
--

CREATE TABLE public.django_session (
    session_key character varying(40) NOT NULL,
    session_data text NOT NULL,
    expire_date timestamp with time zone NOT NULL
);


ALTER TABLE public.django_session OWNER TO postgres;

--
-- TOC entry 3466 (class 0 OID 31803)
-- Dependencies: 237
-- Data for Name: app_admin_jefe_carrera; Type: TABLE DATA; Schema: public; Owner: postgres
--

INSERT INTO public.app_admin_jefe_carrera VALUES (1, 12345678, '3', 9);
INSERT INTO public.app_admin_jefe_carrera VALUES (2, 12345678, '4', 100);


--
-- TOC entry 3464 (class 0 OID 31780)
-- Dependencies: 235
-- Data for Name: app_admin_subdirector_docente; Type: TABLE DATA; Schema: public; Owner: postgres
--

INSERT INTO public.app_admin_subdirector_docente VALUES (1, 12345678, '2', 7);


--
-- TOC entry 3462 (class 0 OID 31773)
-- Dependencies: 233
-- Data for Name: app_admin_vicedecano_docencia; Type: TABLE DATA; Schema: public; Owner: postgres
--

INSERT INTO public.app_admin_vicedecano_docencia VALUES (1, 12345678, '1', 6);


--
-- TOC entry 3450 (class 0 OID 31600)
-- Dependencies: 221
-- Data for Name: auth_group; Type: TABLE DATA; Schema: public; Owner: postgres
--



--
-- TOC entry 3452 (class 0 OID 31608)
-- Dependencies: 223
-- Data for Name: auth_group_permissions; Type: TABLE DATA; Schema: public; Owner: postgres
--



--
-- TOC entry 3448 (class 0 OID 31594)
-- Dependencies: 219
-- Data for Name: auth_permission; Type: TABLE DATA; Schema: public; Owner: postgres
--

INSERT INTO public.auth_permission VALUES (1, 'Can add log entry', 1, 'add_logentry');
INSERT INTO public.auth_permission VALUES (2, 'Can change log entry', 1, 'change_logentry');
INSERT INTO public.auth_permission VALUES (3, 'Can delete log entry', 1, 'delete_logentry');
INSERT INTO public.auth_permission VALUES (4, 'Can view log entry', 1, 'view_logentry');
INSERT INTO public.auth_permission VALUES (5, 'Can add permission', 2, 'add_permission');
INSERT INTO public.auth_permission VALUES (6, 'Can change permission', 2, 'change_permission');
INSERT INTO public.auth_permission VALUES (7, 'Can delete permission', 2, 'delete_permission');
INSERT INTO public.auth_permission VALUES (8, 'Can view permission', 2, 'view_permission');
INSERT INTO public.auth_permission VALUES (9, 'Can add group', 3, 'add_group');
INSERT INTO public.auth_permission VALUES (10, 'Can change group', 3, 'change_group');
INSERT INTO public.auth_permission VALUES (11, 'Can delete group', 3, 'delete_group');
INSERT INTO public.auth_permission VALUES (12, 'Can view group', 3, 'view_group');
INSERT INTO public.auth_permission VALUES (13, 'Can add user', 4, 'add_user');
INSERT INTO public.auth_permission VALUES (14, 'Can change user', 4, 'change_user');
INSERT INTO public.auth_permission VALUES (15, 'Can delete user', 4, 'delete_user');
INSERT INTO public.auth_permission VALUES (16, 'Can view user', 4, 'view_user');
INSERT INTO public.auth_permission VALUES (17, 'Can add content type', 5, 'add_contenttype');
INSERT INTO public.auth_permission VALUES (18, 'Can change content type', 5, 'change_contenttype');
INSERT INTO public.auth_permission VALUES (19, 'Can delete content type', 5, 'delete_contenttype');
INSERT INTO public.auth_permission VALUES (20, 'Can view content type', 5, 'view_contenttype');
INSERT INTO public.auth_permission VALUES (21, 'Can add session', 6, 'add_session');
INSERT INTO public.auth_permission VALUES (22, 'Can change session', 6, 'change_session');
INSERT INTO public.auth_permission VALUES (23, 'Can delete session', 6, 'delete_session');
INSERT INTO public.auth_permission VALUES (24, 'Can view session', 6, 'view_session');
INSERT INTO public.auth_permission VALUES (25, 'Can add semestre', 7, 'add_semestre');
INSERT INTO public.auth_permission VALUES (26, 'Can change semestre', 7, 'change_semestre');
INSERT INTO public.auth_permission VALUES (27, 'Can delete semestre', 7, 'delete_semestre');
INSERT INTO public.auth_permission VALUES (28, 'Can view semestre', 7, 'view_semestre');
INSERT INTO public.auth_permission VALUES (29, 'Can add asignatura', 8, 'add_asignatura');
INSERT INTO public.auth_permission VALUES (30, 'Can change asignatura', 8, 'change_asignatura');
INSERT INTO public.auth_permission VALUES (31, 'Can delete asignatura', 8, 'delete_asignatura');
INSERT INTO public.auth_permission VALUES (32, 'Can view asignatura', 8, 'view_asignatura');
INSERT INTO public.auth_permission VALUES (33, 'Can add calificacion', 9, 'add_calificacion');
INSERT INTO public.auth_permission VALUES (34, 'Can change calificacion', 9, 'change_calificacion');
INSERT INTO public.auth_permission VALUES (35, 'Can delete calificacion', 9, 'delete_calificacion');
INSERT INTO public.auth_permission VALUES (36, 'Can view calificacion', 9, 'view_calificacion');
INSERT INTO public.auth_permission VALUES (37, 'Can add carrera', 10, 'add_carrera');
INSERT INTO public.auth_permission VALUES (38, 'Can change carrera', 10, 'change_carrera');
INSERT INTO public.auth_permission VALUES (39, 'Can delete carrera', 10, 'delete_carrera');
INSERT INTO public.auth_permission VALUES (40, 'Can view carrera', 10, 'view_carrera');
INSERT INTO public.auth_permission VALUES (41, 'Can add coordinacion_ docente', 11, 'add_coordinacion_docente');
INSERT INTO public.auth_permission VALUES (42, 'Can change coordinacion_ docente', 11, 'change_coordinacion_docente');
INSERT INTO public.auth_permission VALUES (43, 'Can delete coordinacion_ docente', 11, 'delete_coordinacion_docente');
INSERT INTO public.auth_permission VALUES (44, 'Can view coordinacion_ docente', 11, 'view_coordinacion_docente');
INSERT INTO public.auth_permission VALUES (45, 'Can add coordinacion_ seccion', 12, 'add_coordinacion_seccion');
INSERT INTO public.auth_permission VALUES (46, 'Can change coordinacion_ seccion', 12, 'change_coordinacion_seccion');
INSERT INTO public.auth_permission VALUES (47, 'Can delete coordinacion_ seccion', 12, 'delete_coordinacion_seccion');
INSERT INTO public.auth_permission VALUES (48, 'Can view coordinacion_ seccion', 12, 'view_coordinacion_seccion');
INSERT INTO public.auth_permission VALUES (49, 'Can add evaluacion', 13, 'add_evaluacion');
INSERT INTO public.auth_permission VALUES (50, 'Can change evaluacion', 13, 'change_evaluacion');
INSERT INTO public.auth_permission VALUES (51, 'Can delete evaluacion', 13, 'delete_evaluacion');
INSERT INTO public.auth_permission VALUES (52, 'Can view evaluacion', 13, 'view_evaluacion');
INSERT INTO public.auth_permission VALUES (53, 'Can add tipo_ asignatura', 14, 'add_tipo_asignatura');
INSERT INTO public.auth_permission VALUES (54, 'Can change tipo_ asignatura', 14, 'change_tipo_asignatura');
INSERT INTO public.auth_permission VALUES (55, 'Can delete tipo_ asignatura', 14, 'delete_tipo_asignatura');
INSERT INTO public.auth_permission VALUES (56, 'Can view tipo_ asignatura', 14, 'view_tipo_asignatura');
INSERT INTO public.auth_permission VALUES (57, 'Can add tipo_ evaluacion', 15, 'add_tipo_evaluacion');
INSERT INTO public.auth_permission VALUES (58, 'Can change tipo_ evaluacion', 15, 'change_tipo_evaluacion');
INSERT INTO public.auth_permission VALUES (59, 'Can delete tipo_ evaluacion', 15, 'delete_tipo_evaluacion');
INSERT INTO public.auth_permission VALUES (60, 'Can view tipo_ evaluacion', 15, 'view_tipo_evaluacion');
INSERT INTO public.auth_permission VALUES (61, 'Can add vicedecano_ docencia', 16, 'add_vicedecano_docencia');
INSERT INTO public.auth_permission VALUES (62, 'Can change vicedecano_ docencia', 16, 'change_vicedecano_docencia');
INSERT INTO public.auth_permission VALUES (63, 'Can delete vicedecano_ docencia', 16, 'delete_vicedecano_docencia');
INSERT INTO public.auth_permission VALUES (64, 'Can view vicedecano_ docencia', 16, 'view_vicedecano_docencia');
INSERT INTO public.auth_permission VALUES (65, 'Can add subdirector_ docente', 17, 'add_subdirector_docente');
INSERT INTO public.auth_permission VALUES (66, 'Can change subdirector_ docente', 17, 'change_subdirector_docente');
INSERT INTO public.auth_permission VALUES (67, 'Can delete subdirector_ docente', 17, 'delete_subdirector_docente');
INSERT INTO public.auth_permission VALUES (68, 'Can view subdirector_ docente', 17, 'view_subdirector_docente');
INSERT INTO public.auth_permission VALUES (69, 'Can add solicitud_ revision', 18, 'add_solicitud_revision');
INSERT INTO public.auth_permission VALUES (70, 'Can change solicitud_ revision', 18, 'change_solicitud_revision');
INSERT INTO public.auth_permission VALUES (71, 'Can delete solicitud_ revision', 18, 'delete_solicitud_revision');
INSERT INTO public.auth_permission VALUES (72, 'Can view solicitud_ revision', 18, 'view_solicitud_revision');
INSERT INTO public.auth_permission VALUES (73, 'Can add plan_ estudio', 19, 'add_plan_estudio');
INSERT INTO public.auth_permission VALUES (74, 'Can change plan_ estudio', 19, 'change_plan_estudio');
INSERT INTO public.auth_permission VALUES (75, 'Can delete plan_ estudio', 19, 'delete_plan_estudio');
INSERT INTO public.auth_permission VALUES (76, 'Can view plan_ estudio', 19, 'view_plan_estudio');
INSERT INTO public.auth_permission VALUES (77, 'Can add jefe_ carrera', 20, 'add_jefe_carrera');
INSERT INTO public.auth_permission VALUES (78, 'Can change jefe_ carrera', 20, 'change_jefe_carrera');
INSERT INTO public.auth_permission VALUES (79, 'Can delete jefe_ carrera', 20, 'delete_jefe_carrera');
INSERT INTO public.auth_permission VALUES (80, 'Can view jefe_ carrera', 20, 'view_jefe_carrera');
INSERT INTO public.auth_permission VALUES (81, 'Can add facultad', 21, 'add_facultad');
INSERT INTO public.auth_permission VALUES (82, 'Can change facultad', 21, 'change_facultad');
INSERT INTO public.auth_permission VALUES (83, 'Can delete facultad', 21, 'delete_facultad');
INSERT INTO public.auth_permission VALUES (84, 'Can view facultad', 21, 'view_facultad');
INSERT INTO public.auth_permission VALUES (85, 'Can add estadistica_ curso', 22, 'add_estadistica_curso');
INSERT INTO public.auth_permission VALUES (86, 'Can change estadistica_ curso', 22, 'change_estadistica_curso');
INSERT INTO public.auth_permission VALUES (87, 'Can delete estadistica_ curso', 22, 'delete_estadistica_curso');
INSERT INTO public.auth_permission VALUES (88, 'Can view estadistica_ curso', 22, 'view_estadistica_curso');
INSERT INTO public.auth_permission VALUES (89, 'Can add departamento', 23, 'add_departamento');
INSERT INTO public.auth_permission VALUES (90, 'Can change departamento', 23, 'change_departamento');
INSERT INTO public.auth_permission VALUES (91, 'Can delete departamento', 23, 'delete_departamento');
INSERT INTO public.auth_permission VALUES (92, 'Can view departamento', 23, 'view_departamento');
INSERT INTO public.auth_permission VALUES (93, 'Can add coordinacion_ estudiante', 24, 'add_coordinacion_estudiante');
INSERT INTO public.auth_permission VALUES (94, 'Can change coordinacion_ estudiante', 24, 'change_coordinacion_estudiante');
INSERT INTO public.auth_permission VALUES (95, 'Can delete coordinacion_ estudiante', 24, 'delete_coordinacion_estudiante');
INSERT INTO public.auth_permission VALUES (96, 'Can view coordinacion_ estudiante', 24, 'view_coordinacion_estudiante');
INSERT INTO public.auth_permission VALUES (97, 'Can add cambio_ ponderacion', 25, 'add_cambio_ponderacion');
INSERT INTO public.auth_permission VALUES (98, 'Can change cambio_ ponderacion', 25, 'change_cambio_ponderacion');
INSERT INTO public.auth_permission VALUES (99, 'Can delete cambio_ ponderacion', 25, 'delete_cambio_ponderacion');
INSERT INTO public.auth_permission VALUES (100, 'Can view cambio_ ponderacion', 25, 'view_cambio_ponderacion');
INSERT INTO public.auth_permission VALUES (101, 'Can add cambio_nota', 26, 'add_cambio_nota');
INSERT INTO public.auth_permission VALUES (102, 'Can change cambio_nota', 26, 'change_cambio_nota');
INSERT INTO public.auth_permission VALUES (103, 'Can delete cambio_nota', 26, 'delete_cambio_nota');
INSERT INTO public.auth_permission VALUES (104, 'Can view cambio_nota', 26, 'view_cambio_nota');
INSERT INTO public.auth_permission VALUES (105, 'Can add cambio_ fecha', 27, 'add_cambio_fecha');
INSERT INTO public.auth_permission VALUES (106, 'Can change cambio_ fecha', 27, 'change_cambio_fecha');
INSERT INTO public.auth_permission VALUES (107, 'Can delete cambio_ fecha', 27, 'delete_cambio_fecha');
INSERT INTO public.auth_permission VALUES (108, 'Can view cambio_ fecha', 27, 'view_cambio_fecha');
INSERT INTO public.auth_permission VALUES (109, 'Can add asignaturas_ plan estudio', 28, 'add_asignaturas_planestudio');
INSERT INTO public.auth_permission VALUES (110, 'Can change asignaturas_ plan estudio', 28, 'change_asignaturas_planestudio');
INSERT INTO public.auth_permission VALUES (111, 'Can delete asignaturas_ plan estudio', 28, 'delete_asignaturas_planestudio');
INSERT INTO public.auth_permission VALUES (112, 'Can view asignaturas_ plan estudio', 28, 'view_asignaturas_planestudio');


--
-- TOC entry 3454 (class 0 OID 31614)
-- Dependencies: 225
-- Data for Name: auth_user; Type: TABLE DATA; Schema: public; Owner: postgres
--



--
-- TOC entry 3456 (class 0 OID 31622)
-- Dependencies: 227
-- Data for Name: auth_user_groups; Type: TABLE DATA; Schema: public; Owner: postgres
--



--
-- TOC entry 3458 (class 0 OID 31628)
-- Dependencies: 229
-- Data for Name: auth_user_user_permissions; Type: TABLE DATA; Schema: public; Owner: postgres
--



--
-- TOC entry 3460 (class 0 OID 31686)
-- Dependencies: 231
-- Data for Name: django_admin_log; Type: TABLE DATA; Schema: public; Owner: postgres
--



--
-- TOC entry 3446 (class 0 OID 31586)
-- Dependencies: 217
-- Data for Name: django_content_type; Type: TABLE DATA; Schema: public; Owner: postgres
--

INSERT INTO public.django_content_type VALUES (1, 'admin', 'logentry');
INSERT INTO public.django_content_type VALUES (2, 'auth', 'permission');
INSERT INTO public.django_content_type VALUES (3, 'auth', 'group');
INSERT INTO public.django_content_type VALUES (4, 'auth', 'user');
INSERT INTO public.django_content_type VALUES (5, 'contenttypes', 'contenttype');
INSERT INTO public.django_content_type VALUES (6, 'sessions', 'session');
INSERT INTO public.django_content_type VALUES (7, 'app_admin', 'semestre');
INSERT INTO public.django_content_type VALUES (8, 'app_admin', 'asignatura');
INSERT INTO public.django_content_type VALUES (9, 'app_admin', 'calificacion');
INSERT INTO public.django_content_type VALUES (10, 'app_admin', 'carrera');
INSERT INTO public.django_content_type VALUES (11, 'app_admin', 'coordinacion_docente');
INSERT INTO public.django_content_type VALUES (12, 'app_admin', 'coordinacion_seccion');
INSERT INTO public.django_content_type VALUES (13, 'app_admin', 'evaluacion');
INSERT INTO public.django_content_type VALUES (14, 'app_admin', 'tipo_asignatura');
INSERT INTO public.django_content_type VALUES (15, 'app_admin', 'tipo_evaluacion');
INSERT INTO public.django_content_type VALUES (16, 'app_admin', 'vicedecano_docencia');
INSERT INTO public.django_content_type VALUES (17, 'app_admin', 'subdirector_docente');
INSERT INTO public.django_content_type VALUES (18, 'app_admin', 'solicitud_revision');
INSERT INTO public.django_content_type VALUES (19, 'app_admin', 'plan_estudio');
INSERT INTO public.django_content_type VALUES (20, 'app_admin', 'jefe_carrera');
INSERT INTO public.django_content_type VALUES (21, 'app_admin', 'facultad');
INSERT INTO public.django_content_type VALUES (22, 'app_admin', 'estadistica_curso');
INSERT INTO public.django_content_type VALUES (23, 'app_admin', 'departamento');
INSERT INTO public.django_content_type VALUES (24, 'app_admin', 'coordinacion_estudiante');
INSERT INTO public.django_content_type VALUES (25, 'app_admin', 'cambio_ponderacion');
INSERT INTO public.django_content_type VALUES (26, 'app_admin', 'cambio_nota');
INSERT INTO public.django_content_type VALUES (27, 'app_admin', 'cambio_fecha');
INSERT INTO public.django_content_type VALUES (28, 'app_admin', 'asignaturas_planestudio');


--
-- TOC entry 3444 (class 0 OID 31578)
-- Dependencies: 215
-- Data for Name: django_migrations; Type: TABLE DATA; Schema: public; Owner: postgres
--

INSERT INTO public.django_migrations VALUES (1, 'contenttypes', '0001_initial', '2023-10-31 14:05:57.514242-03');
INSERT INTO public.django_migrations VALUES (2, 'auth', '0001_initial', '2023-10-31 14:05:57.802111-03');
INSERT INTO public.django_migrations VALUES (3, 'admin', '0001_initial', '2023-10-31 14:05:57.88778-03');
INSERT INTO public.django_migrations VALUES (4, 'admin', '0002_logentry_remove_auto_add', '2023-10-31 14:05:57.898223-03');
INSERT INTO public.django_migrations VALUES (5, 'admin', '0003_logentry_add_action_flag_choices', '2023-10-31 14:05:57.916256-03');
INSERT INTO public.django_migrations VALUES (6, 'app_admin', '0001_initial', '2023-10-31 14:05:57.935404-03');
INSERT INTO public.django_migrations VALUES (7, 'app_admin', '0002_asignatura_calificacion_carrera_coordinacion_docente_and_more', '2023-10-31 14:05:59.108618-03');
INSERT INTO public.django_migrations VALUES (8, 'contenttypes', '0002_remove_content_type_name', '2023-10-31 14:05:59.201066-03');
INSERT INTO public.django_migrations VALUES (9, 'auth', '0002_alter_permission_name_max_length', '2023-10-31 14:05:59.253073-03');
INSERT INTO public.django_migrations VALUES (10, 'auth', '0003_alter_user_email_max_length', '2023-10-31 14:05:59.291721-03');
INSERT INTO public.django_migrations VALUES (11, 'auth', '0004_alter_user_username_opts', '2023-10-31 14:05:59.333265-03');
INSERT INTO public.django_migrations VALUES (12, 'auth', '0005_alter_user_last_login_null', '2023-10-31 14:05:59.371177-03');
INSERT INTO public.django_migrations VALUES (13, 'auth', '0006_require_contenttypes_0002', '2023-10-31 14:05:59.381271-03');
INSERT INTO public.django_migrations VALUES (14, 'auth', '0007_alter_validators_add_error_messages', '2023-10-31 14:05:59.417463-03');
INSERT INTO public.django_migrations VALUES (15, 'auth', '0008_alter_user_username_max_length', '2023-10-31 14:05:59.470499-03');
INSERT INTO public.django_migrations VALUES (16, 'auth', '0009_alter_user_last_name_max_length', '2023-10-31 14:05:59.503241-03');
INSERT INTO public.django_migrations VALUES (17, 'auth', '0010_alter_group_name_max_length', '2023-10-31 14:05:59.572956-03');
INSERT INTO public.django_migrations VALUES (18, 'auth', '0011_update_proxy_permissions', '2023-10-31 14:05:59.636795-03');
INSERT INTO public.django_migrations VALUES (19, 'auth', '0012_alter_user_first_name_max_length', '2023-10-31 14:05:59.669087-03');
INSERT INTO public.django_migrations VALUES (20, 'sessions', '0001_initial', '2023-10-31 14:05:59.722358-03');
INSERT INTO public.django_migrations VALUES (21, 'app_admin', '0003_remove_asignatura_id_tipoasignatura_and_more', '2023-11-11 20:45:32.727551-03');
INSERT INTO public.django_migrations VALUES (22, 'app_admin', '0004_alter_jefe_carrera_id_usuario', '2023-11-11 20:53:07.300971-03');
INSERT INTO public.django_migrations VALUES (23, 'app_admin', '0005_alter_subdirector_docente_id_usuario_and_more', '2023-11-12 08:23:10.664278-03');


--
-- TOC entry 3467 (class 0 OID 32016)
-- Dependencies: 238
-- Data for Name: django_session; Type: TABLE DATA; Schema: public; Owner: postgres
--



--
-- TOC entry 3473 (class 0 OID 0)
-- Dependencies: 236
-- Name: app_admin_jefe_carrera_id_seq; Type: SEQUENCE SET; Schema: public; Owner: postgres
--

SELECT pg_catalog.setval('public.app_admin_jefe_carrera_id_seq', 1, true);


--
-- TOC entry 3474 (class 0 OID 0)
-- Dependencies: 234
-- Name: app_admin_subdirector_docente_id_seq; Type: SEQUENCE SET; Schema: public; Owner: postgres
--

SELECT pg_catalog.setval('public.app_admin_subdirector_docente_id_seq', 1, false);


--
-- TOC entry 3475 (class 0 OID 0)
-- Dependencies: 232
-- Name: app_admin_vicedecano_docencia_id_seq; Type: SEQUENCE SET; Schema: public; Owner: postgres
--

SELECT pg_catalog.setval('public.app_admin_vicedecano_docencia_id_seq', 1, false);


--
-- TOC entry 3476 (class 0 OID 0)
-- Dependencies: 220
-- Name: auth_group_id_seq; Type: SEQUENCE SET; Schema: public; Owner: postgres
--

SELECT pg_catalog.setval('public.auth_group_id_seq', 1, false);


--
-- TOC entry 3477 (class 0 OID 0)
-- Dependencies: 222
-- Name: auth_group_permissions_id_seq; Type: SEQUENCE SET; Schema: public; Owner: postgres
--

SELECT pg_catalog.setval('public.auth_group_permissions_id_seq', 1, false);


--
-- TOC entry 3478 (class 0 OID 0)
-- Dependencies: 218
-- Name: auth_permission_id_seq; Type: SEQUENCE SET; Schema: public; Owner: postgres
--

SELECT pg_catalog.setval('public.auth_permission_id_seq', 112, true);


--
-- TOC entry 3479 (class 0 OID 0)
-- Dependencies: 226
-- Name: auth_user_groups_id_seq; Type: SEQUENCE SET; Schema: public; Owner: postgres
--

SELECT pg_catalog.setval('public.auth_user_groups_id_seq', 1, false);


--
-- TOC entry 3480 (class 0 OID 0)
-- Dependencies: 224
-- Name: auth_user_id_seq; Type: SEQUENCE SET; Schema: public; Owner: postgres
--

SELECT pg_catalog.setval('public.auth_user_id_seq', 1, false);


--
-- TOC entry 3481 (class 0 OID 0)
-- Dependencies: 228
-- Name: auth_user_user_permissions_id_seq; Type: SEQUENCE SET; Schema: public; Owner: postgres
--

SELECT pg_catalog.setval('public.auth_user_user_permissions_id_seq', 1, false);


--
-- TOC entry 3482 (class 0 OID 0)
-- Dependencies: 230
-- Name: django_admin_log_id_seq; Type: SEQUENCE SET; Schema: public; Owner: postgres
--

SELECT pg_catalog.setval('public.django_admin_log_id_seq', 1, false);


--
-- TOC entry 3483 (class 0 OID 0)
-- Dependencies: 216
-- Name: django_content_type_id_seq; Type: SEQUENCE SET; Schema: public; Owner: postgres
--

SELECT pg_catalog.setval('public.django_content_type_id_seq', 28, true);


--
-- TOC entry 3484 (class 0 OID 0)
-- Dependencies: 214
-- Name: django_migrations_id_seq; Type: SEQUENCE SET; Schema: public; Owner: postgres
--

SELECT pg_catalog.setval('public.django_migrations_id_seq', 23, true);


--
-- TOC entry 3287 (class 2606 OID 31808)
-- Name: app_admin_jefe_carrera app_admin_jefe_carrera_pkey; Type: CONSTRAINT; Schema: public; Owner: postgres
--

ALTER TABLE ONLY public.app_admin_jefe_carrera
    ADD CONSTRAINT app_admin_jefe_carrera_pkey PRIMARY KEY (id);


--
-- TOC entry 3285 (class 2606 OID 31785)
-- Name: app_admin_subdirector_docente app_admin_subdirector_docente_pkey; Type: CONSTRAINT; Schema: public; Owner: postgres
--

ALTER TABLE ONLY public.app_admin_subdirector_docente
    ADD CONSTRAINT app_admin_subdirector_docente_pkey PRIMARY KEY (id);


--
-- TOC entry 3283 (class 2606 OID 31778)
-- Name: app_admin_vicedecano_docencia app_admin_vicedecano_docencia_pkey; Type: CONSTRAINT; Schema: public; Owner: postgres
--

ALTER TABLE ONLY public.app_admin_vicedecano_docencia
    ADD CONSTRAINT app_admin_vicedecano_docencia_pkey PRIMARY KEY (id);


--
-- TOC entry 3252 (class 2606 OID 32014)
-- Name: auth_group auth_group_name_key; Type: CONSTRAINT; Schema: public; Owner: postgres
--

ALTER TABLE ONLY public.auth_group
    ADD CONSTRAINT auth_group_name_key UNIQUE (name);


--
-- TOC entry 3257 (class 2606 OID 31643)
-- Name: auth_group_permissions auth_group_permissions_group_id_permission_id_0cd325b0_uniq; Type: CONSTRAINT; Schema: public; Owner: postgres
--

ALTER TABLE ONLY public.auth_group_permissions
    ADD CONSTRAINT auth_group_permissions_group_id_permission_id_0cd325b0_uniq UNIQUE (group_id, permission_id);


--
-- TOC entry 3260 (class 2606 OID 31612)
-- Name: auth_group_permissions auth_group_permissions_pkey; Type: CONSTRAINT; Schema: public; Owner: postgres
--

ALTER TABLE ONLY public.auth_group_permissions
    ADD CONSTRAINT auth_group_permissions_pkey PRIMARY KEY (id);


--
-- TOC entry 3254 (class 2606 OID 31604)
-- Name: auth_group auth_group_pkey; Type: CONSTRAINT; Schema: public; Owner: postgres
--

ALTER TABLE ONLY public.auth_group
    ADD CONSTRAINT auth_group_pkey PRIMARY KEY (id);


--
-- TOC entry 3247 (class 2606 OID 31634)
-- Name: auth_permission auth_permission_content_type_id_codename_01ab375a_uniq; Type: CONSTRAINT; Schema: public; Owner: postgres
--

ALTER TABLE ONLY public.auth_permission
    ADD CONSTRAINT auth_permission_content_type_id_codename_01ab375a_uniq UNIQUE (content_type_id, codename);


--
-- TOC entry 3249 (class 2606 OID 31598)
-- Name: auth_permission auth_permission_pkey; Type: CONSTRAINT; Schema: public; Owner: postgres
--

ALTER TABLE ONLY public.auth_permission
    ADD CONSTRAINT auth_permission_pkey PRIMARY KEY (id);


--
-- TOC entry 3268 (class 2606 OID 31626)
-- Name: auth_user_groups auth_user_groups_pkey; Type: CONSTRAINT; Schema: public; Owner: postgres
--

ALTER TABLE ONLY public.auth_user_groups
    ADD CONSTRAINT auth_user_groups_pkey PRIMARY KEY (id);


--
-- TOC entry 3271 (class 2606 OID 31658)
-- Name: auth_user_groups auth_user_groups_user_id_group_id_94350c0c_uniq; Type: CONSTRAINT; Schema: public; Owner: postgres
--

ALTER TABLE ONLY public.auth_user_groups
    ADD CONSTRAINT auth_user_groups_user_id_group_id_94350c0c_uniq UNIQUE (user_id, group_id);


--
-- TOC entry 3262 (class 2606 OID 31618)
-- Name: auth_user auth_user_pkey; Type: CONSTRAINT; Schema: public; Owner: postgres
--

ALTER TABLE ONLY public.auth_user
    ADD CONSTRAINT auth_user_pkey PRIMARY KEY (id);


--
-- TOC entry 3274 (class 2606 OID 31632)
-- Name: auth_user_user_permissions auth_user_user_permissions_pkey; Type: CONSTRAINT; Schema: public; Owner: postgres
--

ALTER TABLE ONLY public.auth_user_user_permissions
    ADD CONSTRAINT auth_user_user_permissions_pkey PRIMARY KEY (id);


--
-- TOC entry 3277 (class 2606 OID 31672)
-- Name: auth_user_user_permissions auth_user_user_permissions_user_id_permission_id_14a6b632_uniq; Type: CONSTRAINT; Schema: public; Owner: postgres
--

ALTER TABLE ONLY public.auth_user_user_permissions
    ADD CONSTRAINT auth_user_user_permissions_user_id_permission_id_14a6b632_uniq UNIQUE (user_id, permission_id);


--
-- TOC entry 3265 (class 2606 OID 32009)
-- Name: auth_user auth_user_username_key; Type: CONSTRAINT; Schema: public; Owner: postgres
--

ALTER TABLE ONLY public.auth_user
    ADD CONSTRAINT auth_user_username_key UNIQUE (username);


--
-- TOC entry 3280 (class 2606 OID 31693)
-- Name: django_admin_log django_admin_log_pkey; Type: CONSTRAINT; Schema: public; Owner: postgres
--

ALTER TABLE ONLY public.django_admin_log
    ADD CONSTRAINT django_admin_log_pkey PRIMARY KEY (id);


--
-- TOC entry 3242 (class 2606 OID 31592)
-- Name: django_content_type django_content_type_app_label_model_76bd3d3b_uniq; Type: CONSTRAINT; Schema: public; Owner: postgres
--

ALTER TABLE ONLY public.django_content_type
    ADD CONSTRAINT django_content_type_app_label_model_76bd3d3b_uniq UNIQUE (app_label, model);


--
-- TOC entry 3244 (class 2606 OID 31590)
-- Name: django_content_type django_content_type_pkey; Type: CONSTRAINT; Schema: public; Owner: postgres
--

ALTER TABLE ONLY public.django_content_type
    ADD CONSTRAINT django_content_type_pkey PRIMARY KEY (id);


--
-- TOC entry 3240 (class 2606 OID 31584)
-- Name: django_migrations django_migrations_pkey; Type: CONSTRAINT; Schema: public; Owner: postgres
--

ALTER TABLE ONLY public.django_migrations
    ADD CONSTRAINT django_migrations_pkey PRIMARY KEY (id);


--
-- TOC entry 3290 (class 2606 OID 32022)
-- Name: django_session django_session_pkey; Type: CONSTRAINT; Schema: public; Owner: postgres
--

ALTER TABLE ONLY public.django_session
    ADD CONSTRAINT django_session_pkey PRIMARY KEY (session_key);


--
-- TOC entry 3250 (class 1259 OID 32015)
-- Name: auth_group_name_a6ea08ec_like; Type: INDEX; Schema: public; Owner: postgres
--

CREATE INDEX auth_group_name_a6ea08ec_like ON public.auth_group USING btree (name varchar_pattern_ops);


--
-- TOC entry 3255 (class 1259 OID 31654)
-- Name: auth_group_permissions_group_id_b120cbf9; Type: INDEX; Schema: public; Owner: postgres
--

CREATE INDEX auth_group_permissions_group_id_b120cbf9 ON public.auth_group_permissions USING btree (group_id);


--
-- TOC entry 3258 (class 1259 OID 31655)
-- Name: auth_group_permissions_permission_id_84c5c92e; Type: INDEX; Schema: public; Owner: postgres
--

CREATE INDEX auth_group_permissions_permission_id_84c5c92e ON public.auth_group_permissions USING btree (permission_id);


--
-- TOC entry 3245 (class 1259 OID 31640)
-- Name: auth_permission_content_type_id_2f476e4b; Type: INDEX; Schema: public; Owner: postgres
--

CREATE INDEX auth_permission_content_type_id_2f476e4b ON public.auth_permission USING btree (content_type_id);


--
-- TOC entry 3266 (class 1259 OID 31670)
-- Name: auth_user_groups_group_id_97559544; Type: INDEX; Schema: public; Owner: postgres
--

CREATE INDEX auth_user_groups_group_id_97559544 ON public.auth_user_groups USING btree (group_id);


--
-- TOC entry 3269 (class 1259 OID 31669)
-- Name: auth_user_groups_user_id_6a12ed8b; Type: INDEX; Schema: public; Owner: postgres
--

CREATE INDEX auth_user_groups_user_id_6a12ed8b ON public.auth_user_groups USING btree (user_id);


--
-- TOC entry 3272 (class 1259 OID 31684)
-- Name: auth_user_user_permissions_permission_id_1fbb5f2c; Type: INDEX; Schema: public; Owner: postgres
--

CREATE INDEX auth_user_user_permissions_permission_id_1fbb5f2c ON public.auth_user_user_permissions USING btree (permission_id);


--
-- TOC entry 3275 (class 1259 OID 31683)
-- Name: auth_user_user_permissions_user_id_a95ead1b; Type: INDEX; Schema: public; Owner: postgres
--

CREATE INDEX auth_user_user_permissions_user_id_a95ead1b ON public.auth_user_user_permissions USING btree (user_id);


--
-- TOC entry 3263 (class 1259 OID 32010)
-- Name: auth_user_username_6821ab7c_like; Type: INDEX; Schema: public; Owner: postgres
--

CREATE INDEX auth_user_username_6821ab7c_like ON public.auth_user USING btree (username varchar_pattern_ops);


--
-- TOC entry 3278 (class 1259 OID 31704)
-- Name: django_admin_log_content_type_id_c4bce8eb; Type: INDEX; Schema: public; Owner: postgres
--

CREATE INDEX django_admin_log_content_type_id_c4bce8eb ON public.django_admin_log USING btree (content_type_id);


--
-- TOC entry 3281 (class 1259 OID 31705)
-- Name: django_admin_log_user_id_c564eba6; Type: INDEX; Schema: public; Owner: postgres
--

CREATE INDEX django_admin_log_user_id_c564eba6 ON public.django_admin_log USING btree (user_id);


--
-- TOC entry 3288 (class 1259 OID 32024)
-- Name: django_session_expire_date_a5c62663; Type: INDEX; Schema: public; Owner: postgres
--

CREATE INDEX django_session_expire_date_a5c62663 ON public.django_session USING btree (expire_date);


--
-- TOC entry 3291 (class 1259 OID 32023)
-- Name: django_session_session_key_c0390e0f_like; Type: INDEX; Schema: public; Owner: postgres
--

CREATE INDEX django_session_session_key_c0390e0f_like ON public.django_session USING btree (session_key varchar_pattern_ops);


--
-- TOC entry 3293 (class 2606 OID 31649)
-- Name: auth_group_permissions auth_group_permissio_permission_id_84c5c92e_fk_auth_perm; Type: FK CONSTRAINT; Schema: public; Owner: postgres
--

ALTER TABLE ONLY public.auth_group_permissions
    ADD CONSTRAINT auth_group_permissio_permission_id_84c5c92e_fk_auth_perm FOREIGN KEY (permission_id) REFERENCES public.auth_permission(id) DEFERRABLE INITIALLY DEFERRED;


--
-- TOC entry 3294 (class 2606 OID 31644)
-- Name: auth_group_permissions auth_group_permissions_group_id_b120cbf9_fk_auth_group_id; Type: FK CONSTRAINT; Schema: public; Owner: postgres
--

ALTER TABLE ONLY public.auth_group_permissions
    ADD CONSTRAINT auth_group_permissions_group_id_b120cbf9_fk_auth_group_id FOREIGN KEY (group_id) REFERENCES public.auth_group(id) DEFERRABLE INITIALLY DEFERRED;


--
-- TOC entry 3292 (class 2606 OID 31635)
-- Name: auth_permission auth_permission_content_type_id_2f476e4b_fk_django_co; Type: FK CONSTRAINT; Schema: public; Owner: postgres
--

ALTER TABLE ONLY public.auth_permission
    ADD CONSTRAINT auth_permission_content_type_id_2f476e4b_fk_django_co FOREIGN KEY (content_type_id) REFERENCES public.django_content_type(id) DEFERRABLE INITIALLY DEFERRED;


--
-- TOC entry 3295 (class 2606 OID 31664)
-- Name: auth_user_groups auth_user_groups_group_id_97559544_fk_auth_group_id; Type: FK CONSTRAINT; Schema: public; Owner: postgres
--

ALTER TABLE ONLY public.auth_user_groups
    ADD CONSTRAINT auth_user_groups_group_id_97559544_fk_auth_group_id FOREIGN KEY (group_id) REFERENCES public.auth_group(id) DEFERRABLE INITIALLY DEFERRED;


--
-- TOC entry 3296 (class 2606 OID 31659)
-- Name: auth_user_groups auth_user_groups_user_id_6a12ed8b_fk_auth_user_id; Type: FK CONSTRAINT; Schema: public; Owner: postgres
--

ALTER TABLE ONLY public.auth_user_groups
    ADD CONSTRAINT auth_user_groups_user_id_6a12ed8b_fk_auth_user_id FOREIGN KEY (user_id) REFERENCES public.auth_user(id) DEFERRABLE INITIALLY DEFERRED;


--
-- TOC entry 3297 (class 2606 OID 31678)
-- Name: auth_user_user_permissions auth_user_user_permi_permission_id_1fbb5f2c_fk_auth_perm; Type: FK CONSTRAINT; Schema: public; Owner: postgres
--

ALTER TABLE ONLY public.auth_user_user_permissions
    ADD CONSTRAINT auth_user_user_permi_permission_id_1fbb5f2c_fk_auth_perm FOREIGN KEY (permission_id) REFERENCES public.auth_permission(id) DEFERRABLE INITIALLY DEFERRED;


--
-- TOC entry 3298 (class 2606 OID 31673)
-- Name: auth_user_user_permissions auth_user_user_permissions_user_id_a95ead1b_fk_auth_user_id; Type: FK CONSTRAINT; Schema: public; Owner: postgres
--

ALTER TABLE ONLY public.auth_user_user_permissions
    ADD CONSTRAINT auth_user_user_permissions_user_id_a95ead1b_fk_auth_user_id FOREIGN KEY (user_id) REFERENCES public.auth_user(id) DEFERRABLE INITIALLY DEFERRED;


--
-- TOC entry 3299 (class 2606 OID 31694)
-- Name: django_admin_log django_admin_log_content_type_id_c4bce8eb_fk_django_co; Type: FK CONSTRAINT; Schema: public; Owner: postgres
--

ALTER TABLE ONLY public.django_admin_log
    ADD CONSTRAINT django_admin_log_content_type_id_c4bce8eb_fk_django_co FOREIGN KEY (content_type_id) REFERENCES public.django_content_type(id) DEFERRABLE INITIALLY DEFERRED;


--
-- TOC entry 3300 (class 2606 OID 31699)
-- Name: django_admin_log django_admin_log_user_id_c564eba6_fk_auth_user_id; Type: FK CONSTRAINT; Schema: public; Owner: postgres
--

ALTER TABLE ONLY public.django_admin_log
    ADD CONSTRAINT django_admin_log_user_id_c564eba6_fk_auth_user_id FOREIGN KEY (user_id) REFERENCES public.auth_user(id) DEFERRABLE INITIALLY DEFERRED;


-- Completed on 2023-11-30 11:49:57

--
-- PostgreSQL database dump complete
--

